"AccountExpirationDate","accountExpires","AccountLockoutTime","AccountNotDelegated","AllowReversiblePasswordEncryption","AuthenticationPolicy","AuthenticationPolicySilo","BadLogonCount","badPasswordTime","badPwdCount","CannotChangePassword","CanonicalName","Certificates","CN","codePage","CompoundIdentitySupported","countryCode","Created","createTimeStamp","Deleted","Description","DisplayName","DistinguishedName","DNSHostName","DoesNotRequirePreAuth","dSCorePropagationData","Enabled","HomedirRequired","HomePage","instanceType","IPv4Address","IPv6Address","isCriticalSystemObject","isDeleted","KerberosEncryptionType","LastBadPasswordAttempt","LastKnownParent","lastLogoff","lastLogon","LastLogonDate","lastLogonTimestamp","localPolicyFlags","Location","LockedOut","logonCount","ManagedBy","MemberOf","MNSLogonAccount","Modified","modifyTimeStamp","msDFSR-ComputerReferenceBL","msDS-GenerationId","msDS-SupportedEncryptionTypes","msDS-User-Account-Control-Computed","Name","nTSecurityDescriptor","ObjectCategory","ObjectClass","ObjectGUID","objectSid","OperatingSystem","OperatingSystemHotfix","OperatingSystemServicePack","OperatingSystemVersion","PasswordExpired","PasswordLastSet","PasswordNeverExpires","PasswordNotRequired","PrimaryGroup","primaryGroupID","PrincipalsAllowedToDelegateToAccount","ProtectedFromAccidentalDeletion","pwdLastSet","rIDSetReferences","SamAccountName","sAMAccountType","sDRightsEffective","serverReferenceBL","ServiceAccount","servicePrincipalName","ServicePrincipalNames","SID","SIDHistory","TrustedForDelegation","TrustedToAuthForDelegation","UseDESKeyOnly","userAccountControl","userCertificate","UserPrincipalName","uSNChanged","uSNCreated","whenChanged","whenCreated","PropertyNames","AddedProperties","RemovedProperties","ModifiedProperties","PropertyCount"
,"9223372036854775807",,"False","False","Microsoft.ActiveDirectory.Management.ADPropertyValueCollection","Microsoft.ActiveDirectory.Management.ADPropertyValueCollection","0","0","0","False","MobileLab.home/Domain Controllers/DC01","Microsoft.ActiveDirectory.Management.ADPropertyValueCollection","DC01","0","Microsoft.ActiveDirectory.Management.ADPropertyValueCollection","0","6/28/2020 7:57:02 PM","6/28/2020 7:57:02 PM",,,,"CN=DC01,OU=Domain Controllers,DC=MobileLab,DC=home","DC01.MobileLab.home","False","Microsoft.ActiveDirectory.Management.ADPropertyValueCollection","True","False",,"4","10.100.100.10",,"True",,"Microsoft.ActiveDirectory.Management.ADPropertyValueCollection",,,"0","132660114214965969","12/26/2022 1:48:51 AM","133165217315487346","0",,"False","469",,"Microsoft.ActiveDirectory.Management.ADPropertyValueCollection","False","5/16/2021 8:13:28 AM","5/16/2021 8:13:28 AM","Microsoft.ActiveDirectory.Management.ADPropertyValueCollection","System.Byte[]","28","0","DC01","System.DirectoryServices.ActiveDirectorySecurity","CN=Computer,CN=Schema,CN=Configuration,DC=MobileLab,DC=home","computer","66069c6b-e8a7-4f66-ab96-1c96603644f9","S-1-5-21-3036625279-3127291219-2495432101-1396","Windows Server 2012 R2 Standard",,,"6.3 (9600)","False","5/16/2021 8:13:28 AM","False","False","CN=Domain Controllers,CN=Users,DC=MobileLab,DC=home","516","Microsoft.ActiveDirectory.Management.ADPropertyValueCollection","False","132656516086304520","Microsoft.ActiveDirectory.Management.ADPropertyValueCollection","DC01$","805306369","15","Microsoft.ActiveDirectory.Management.ADPropertyValueCollection","Microsoft.ActiveDirectory.Management.ADPropertyValueCollection","Microsoft.ActiveDirectory.Management.ADPropertyValueCollection","Microsoft.ActiveDirectory.Management.ADPropertyValueCollection","S-1-5-21-3036625279-3127291219-2495432101-1396","Microsoft.ActiveDirectory.Management.ADPropertyValueCollection","True","False","False","532480","Microsoft.ActiveDirectory.Management.ADPropertyValueCollection",,"131108","8035","5/16/2021 8:13:28 AM","6/28/2020 7:57:02 PM","System.Collections.Generic.SortedDictionary`2+KeyCollection[System.String,Microsoft.ActiveDirectory.Management.ADPropertyValueCollection]","System.Collections.Generic.HashSet`1[System.String]","System.Collections.Generic.HashSet`1[System.String]","System.Collections.Generic.HashSet`1[System.String]","93"
,"9223372036854775807",,"False","False","Microsoft.ActiveDirectory.Management.ADPropertyValueCollection","Microsoft.ActiveDirectory.Management.ADPropertyValueCollection",,,,"False","MobileLab.home/Servers/Administrative/WSUS","Microsoft.ActiveDirectory.Management.ADPropertyValueCollection","WSUS","0","Microsoft.ActiveDirectory.Management.ADPropertyValueCollection","0","1/28/2020 5:21:00 PM","1/28/2020 5:21:00 PM",,"Windows Service Update Server","WSUS$","CN=WSUS,OU=Administrative,OU=Servers,DC=MobileLab,DC=home","WSUS.MobileLab.home","False","Microsoft.ActiveDirectory.Management.ADPropertyValueCollection","True","False",,"4","10.10.10.23",,"False",,"Microsoft.ActiveDirectory.Management.ADPropertyValueCollection",,,,,"3/7/2020 7:41:32 AM","132280692927568766","0",,"False",,,"Microsoft.ActiveDirectory.Management.ADPropertyValueCollection","False","6/28/2020 8:12:39 PM","6/28/2020 8:12:39 PM",,,"28","0","WSUS","System.DirectoryServices.ActiveDirectorySecurity","CN=Computer,CN=Schema,CN=Configuration,DC=MobileLab,DC=home","computer","a52175e0-4e3c-4a47-9cd4-33526303370f","S-1-5-21-3036625279-3127291219-2495432101-1108","Windows Server 2012 R2 Datacenter",,,"6.3 (9600)","False","3/7/2020 7:41:33 AM","False","False","CN=Domain Computers,CN=Users,DC=MobileLab,DC=home","515","Microsoft.ActiveDirectory.Management.ADPropertyValueCollection","False","132280692930028893",,"WSUS$","805306369","15",,"Microsoft.ActiveDirectory.Management.ADPropertyValueCollection","Microsoft.ActiveDirectory.Management.ADPropertyValueCollection","Microsoft.ActiveDirectory.Management.ADPropertyValueCollection","S-1-5-21-3036625279-3127291219-2495432101-1108","Microsoft.ActiveDirectory.Management.ADPropertyValueCollection","False","False","False","4096","Microsoft.ActiveDirectory.Management.ADPropertyValueCollection",,"8357","8357","6/28/2020 8:12:39 PM","1/28/2020 5:21:00 PM","System.Collections.Generic.SortedDictionary`2+KeyCollection[System.String,Microsoft.ActiveDirectory.Management.ADPropertyValueCollection]","System.Collections.Generic.HashSet`1[System.String]","System.Collections.Generic.HashSet`1[System.String]","System.Collections.Generic.HashSet`1[System.String]","84"
,"9223372036854775807",,"False","False","Microsoft.ActiveDirectory.Management.ADPropertyValueCollection","Microsoft.ActiveDirectory.Management.ADPropertyValueCollection",,,,"False","MobileLab.home/Servers/Administrative/APP","Microsoft.ActiveDirectory.Management.ADPropertyValueCollection","APP","0","Microsoft.ActiveDirectory.Management.ADPropertyValueCollection","0","1/28/2020 5:31:34 PM","1/28/2020 5:31:34 PM",,"Application Server","APP$","CN=APP,OU=Administrative,OU=Servers,DC=MobileLab,DC=home","APP.MobileLab.home","False","Microsoft.ActiveDirectory.Management.ADPropertyValueCollection","True","False",,"4","10.10.10.22",,"False",,"Microsoft.ActiveDirectory.Management.ADPropertyValueCollection",,,,,"6/15/2020 10:31:34 PM","132367590944102585","0",,"False",,,"Microsoft.ActiveDirectory.Management.ADPropertyValueCollection","False","6/28/2020 8:12:39 PM","6/28/2020 8:12:39 PM",,,"28","0","APP","System.DirectoryServices.ActiveDirectorySecurity","CN=Computer,CN=Schema,CN=Configuration,DC=MobileLab,DC=home","computer","0d7d345e-43a5-40b4-aa16-43897d86641d","S-1-5-21-3036625279-3127291219-2495432101-1109","Windows Server 2012 R2 Datacenter",,,"6.3 (9600)","False","6/15/2020 10:46:33 PM","False","False","CN=Domain Computers,CN=Users,DC=MobileLab,DC=home","515","Microsoft.ActiveDirectory.Management.ADPropertyValueCollection","False","132367599930647221",,"APP$","805306369","15",,"Microsoft.ActiveDirectory.Management.ADPropertyValueCollection","Microsoft.ActiveDirectory.Management.ADPropertyValueCollection","Microsoft.ActiveDirectory.Management.ADPropertyValueCollection","S-1-5-21-3036625279-3127291219-2495432101-1109","Microsoft.ActiveDirectory.Management.ADPropertyValueCollection","False","False","False","4096","Microsoft.ActiveDirectory.Management.ADPropertyValueCollection",,"8359","8359","6/28/2020 8:12:39 PM","1/28/2020 5:31:34 PM","System.Collections.Generic.SortedDictionary`2+KeyCollection[System.String,Microsoft.ActiveDirectory.Management.ADPropertyValueCollection]","System.Collections.Generic.HashSet`1[System.String]","System.Collections.Generic.HashSet`1[System.String]","System.Collections.Generic.HashSet`1[System.String]","84"
,"9223372036854775807",,"False","False","Microsoft.ActiveDirectory.Management.ADPropertyValueCollection","Microsoft.ActiveDirectory.Management.ADPropertyValueCollection","0","0","0","False","MobileLab.home/US Branch/Management/WIN81-01","Microsoft.ActiveDirectory.Management.ADPropertyValueCollection","WIN81-01","0","Microsoft.ActiveDirectory.Management.ADPropertyValueCollection","0","1/28/2020 10:49:18 PM","1/28/2020 10:49:18 PM",,,,"CN=WIN81-01,OU=Management,OU=US Branch,DC=MobileLab,DC=home","Win81-01.MobileLab.home","False","Microsoft.ActiveDirectory.Management.ADPropertyValueCollection","True","False",,"4","10.10.10.81",,"False",,"Microsoft.ActiveDirectory.Management.ADPropertyValueCollection",,,"0","132648756683747680","5/7/2021 7:15:48 AM","132648705483615310","0",,"False","79",,"Microsoft.ActiveDirectory.Management.ADPropertyValueCollection","False","5/7/2021 7:30:43 AM","5/7/2021 7:30:43 AM",,,"28","0","WIN81-01","System.DirectoryServices.ActiveDirectorySecurity","CN=Computer,CN=Schema,CN=Configuration,DC=MobileLab,DC=home","computer","1c3876cb-fe8a-4a54-acc2-93c703b0da68","S-1-5-21-3036625279-3127291219-2495432101-1111","Windows 8.1 Pro",,,"6.3 (9600)","False","5/7/2021 7:30:43 AM","False","False","CN=Domain Computers,CN=Users,DC=MobileLab,DC=home","515","Microsoft.ActiveDirectory.Management.ADPropertyValueCollection","False","132648714437690535",,"WIN81-01$","805306369","15",,"Microsoft.ActiveDirectory.Management.ADPropertyValueCollection","Microsoft.ActiveDirectory.Management.ADPropertyValueCollection","Microsoft.ActiveDirectory.Management.ADPropertyValueCollection","S-1-5-21-3036625279-3127291219-2495432101-1111","Microsoft.ActiveDirectory.Management.ADPropertyValueCollection","False","False","False","4096","Microsoft.ActiveDirectory.Management.ADPropertyValueCollection",,"127289","8384","5/7/2021 7:30:43 AM","1/28/2020 10:49:18 PM","System.Collections.Generic.SortedDictionary`2+KeyCollection[System.String,Microsoft.ActiveDirectory.Management.ADPropertyValueCollection]","System.Collections.Generic.HashSet`1[System.String]","System.Collections.Generic.HashSet`1[System.String]","System.Collections.Generic.HashSet`1[System.String]","89"
,"9223372036854775807",,"False","False","Microsoft.ActiveDirectory.Management.ADPropertyValueCollection","Microsoft.ActiveDirectory.Management.ADPropertyValueCollection",,,,"False","MobileLab.home/US Branch/Guest/WIN81-03","Microsoft.ActiveDirectory.Management.ADPropertyValueCollection","WIN81-03","0","Microsoft.ActiveDirectory.Management.ADPropertyValueCollection","0","1/28/2020 10:51:41 PM","1/28/2020 10:51:41 PM",,,,"CN=WIN81-03,OU=Guest,OU=US Branch,DC=MobileLab,DC=home","Win81-03.MobileLab.home","False","Microsoft.ActiveDirectory.Management.ADPropertyValueCollection","True","False",,"4","10.10.10.102",,"False",,"Microsoft.ActiveDirectory.Management.ADPropertyValueCollection",,,,,"3/13/2020 11:26:49 PM","132286408099770841","0",,"False",,,"Microsoft.ActiveDirectory.Management.ADPropertyValueCollection","False","6/28/2020 8:12:39 PM","6/28/2020 8:12:39 PM",,,"28","0","WIN81-03","System.DirectoryServices.ActiveDirectorySecurity","CN=Computer,CN=Schema,CN=Configuration,DC=MobileLab,DC=home","computer","d2744733-5f01-4660-b47b-fd93b96c99e7","S-1-5-21-3036625279-3127291219-2495432101-1112","Windows 8.1 Pro",,,"6.3 (9600)","False","2/29/2020 12:42:21 AM","False","False","CN=Domain Computers,CN=Users,DC=MobileLab,DC=home","515","Microsoft.ActiveDirectory.Management.ADPropertyValueCollection","False","132274393411872777",,"WIN81-03$","805306369","15",,"Microsoft.ActiveDirectory.Management.ADPropertyValueCollection","Microsoft.ActiveDirectory.Management.ADPropertyValueCollection","Microsoft.ActiveDirectory.Management.ADPropertyValueCollection","S-1-5-21-3036625279-3127291219-2495432101-1112","Microsoft.ActiveDirectory.Management.ADPropertyValueCollection","False","False","False","4096","Microsoft.ActiveDirectory.Management.ADPropertyValueCollection",,"8387","8387","6/28/2020 8:12:39 PM","1/28/2020 10:51:41 PM","System.Collections.Generic.SortedDictionary`2+KeyCollection[System.String,Microsoft.ActiveDirectory.Management.ADPropertyValueCollection]","System.Collections.Generic.HashSet`1[System.String]","System.Collections.Generic.HashSet`1[System.String]","System.Collections.Generic.HashSet`1[System.String]","84"
,"9223372036854775807",,"False","False","Microsoft.ActiveDirectory.Management.ADPropertyValueCollection","Microsoft.ActiveDirectory.Management.ADPropertyValueCollection",,,,"False","MobileLab.home/US Branch/Management/WIN81-02","Microsoft.ActiveDirectory.Management.ADPropertyValueCollection","WIN81-02","0","Microsoft.ActiveDirectory.Management.ADPropertyValueCollection","0","1/28/2020 10:53:42 PM","1/28/2020 10:53:42 PM",,,,"CN=WIN81-02,OU=Management,OU=US Branch,DC=MobileLab,DC=home","Win81-02.MobileLab.home","False","Microsoft.ActiveDirectory.Management.ADPropertyValueCollection","True","False",,"4","10.10.10.101",,"False",,"Microsoft.ActiveDirectory.Management.ADPropertyValueCollection",,,,,"3/13/2020 8:19:04 PM","132286295449118381","0",,"False",,,"Microsoft.ActiveDirectory.Management.ADPropertyValueCollection","False","6/28/2020 8:12:39 PM","6/28/2020 8:12:39 PM",,,"28","0","WIN81-02","System.DirectoryServices.ActiveDirectorySecurity","CN=Computer,CN=Schema,CN=Configuration,DC=MobileLab,DC=home","computer","1a986be5-1c7c-4ef3-880e-189a6bc32d8c","S-1-5-21-3036625279-3127291219-2495432101-1113","Windows 8.1 Pro",,,"6.3 (9600)","False","2/28/2020 9:37:42 AM","False","False","CN=Domain Computers,CN=Users,DC=MobileLab,DC=home","515","Microsoft.ActiveDirectory.Management.ADPropertyValueCollection","False","132273850629994837",,"WIN81-02$","805306369","15",,"Microsoft.ActiveDirectory.Management.ADPropertyValueCollection","Microsoft.ActiveDirectory.Management.ADPropertyValueCollection","Microsoft.ActiveDirectory.Management.ADPropertyValueCollection","S-1-5-21-3036625279-3127291219-2495432101-1113","Microsoft.ActiveDirectory.Management.ADPropertyValueCollection","False","False","False","4096","Microsoft.ActiveDirectory.Management.ADPropertyValueCollection",,"8389","8389","6/28/2020 8:12:39 PM","1/28/2020 10:53:42 PM","System.Collections.Generic.SortedDictionary`2+KeyCollection[System.String,Microsoft.ActiveDirectory.Management.ADPropertyValueCollection]","System.Collections.Generic.HashSet`1[System.String]","System.Collections.Generic.HashSet`1[System.String]","System.Collections.Generic.HashSet`1[System.String]","84"
,"9223372036854775807",,"False","False","Microsoft.ActiveDirectory.Management.ADPropertyValueCollection","Microsoft.ActiveDirectory.Management.ADPropertyValueCollection",,,,"False","MobileLab.home/US Branch/Employee/WIN81-04","Microsoft.ActiveDirectory.Management.ADPropertyValueCollection","WIN81-04","0","Microsoft.ActiveDirectory.Management.ADPropertyValueCollection","0","1/28/2020 10:55:04 PM","1/28/2020 10:55:04 PM",,,,"CN=WIN81-04,OU=Employee,OU=US Branch,DC=MobileLab,DC=home","Win81-04.MobileLab.home","False","Microsoft.ActiveDirectory.Management.ADPropertyValueCollection","True","False",,"4","10.10.10.103",,"False",,"Microsoft.ActiveDirectory.Management.ADPropertyValueCollection",,,,,"3/13/2020 8:36:11 PM","132286305711409586","0",,"False",,,"Microsoft.ActiveDirectory.Management.ADPropertyValueCollection","False","6/28/2020 8:12:39 PM","6/28/2020 8:12:39 PM",,,"28","0","WIN81-04","System.DirectoryServices.ActiveDirectorySecurity","CN=Computer,CN=Schema,CN=Configuration,DC=MobileLab,DC=home","computer","da9dfbac-c8b3-4b18-ab47-e8c031c55f9a","S-1-5-21-3036625279-3127291219-2495432101-1114","Windows 8.1 Pro",,,"6.3 (9600)","False","2/29/2020 12:42:19 AM","False","False","CN=Domain Computers,CN=Users,DC=MobileLab,DC=home","515","Microsoft.ActiveDirectory.Management.ADPropertyValueCollection","False","132274393392654804",,"WIN81-04$","805306369","15",,"Microsoft.ActiveDirectory.Management.ADPropertyValueCollection","Microsoft.ActiveDirectory.Management.ADPropertyValueCollection","Microsoft.ActiveDirectory.Management.ADPropertyValueCollection","S-1-5-21-3036625279-3127291219-2495432101-1114","Microsoft.ActiveDirectory.Management.ADPropertyValueCollection","False","False","False","4096","Microsoft.ActiveDirectory.Management.ADPropertyValueCollection",,"8392","8392","6/28/2020 8:12:39 PM","1/28/2020 10:55:04 PM","System.Collections.Generic.SortedDictionary`2+KeyCollection[System.String,Microsoft.ActiveDirectory.Management.ADPropertyValueCollection]","System.Collections.Generic.HashSet`1[System.String]","System.Collections.Generic.HashSet`1[System.String]","System.Collections.Generic.HashSet`1[System.String]","84"
,"9223372036854775807",,"False","False","Microsoft.ActiveDirectory.Management.ADPropertyValueCollection","Microsoft.ActiveDirectory.Management.ADPropertyValueCollection",,,,"False","MobileLab.home/Servers/Business/FILE","Microsoft.ActiveDirectory.Management.ADPropertyValueCollection","FILE","0","Microsoft.ActiveDirectory.Management.ADPropertyValueCollection","0","1/28/2020 11:25:35 PM","1/28/2020 11:25:35 PM",,,,"CN=FILE,OU=Business,OU=Servers,DC=MobileLab,DC=home","File.MobileLab.home","False","Microsoft.ActiveDirectory.Management.ADPropertyValueCollection","True","False",,"4","10.10.10.104",,"False",,"Microsoft.ActiveDirectory.Management.ADPropertyValueCollection",,,,,"6/25/2020 7:01:32 PM","132376104921903107","0",,"False",,,"Microsoft.ActiveDirectory.Management.ADPropertyValueCollection","False","6/28/2020 8:12:39 PM","6/28/2020 8:12:39 PM",,,"28","0","FILE","System.DirectoryServices.ActiveDirectorySecurity","CN=Computer,CN=Schema,CN=Configuration,DC=MobileLab,DC=home","computer","ffe79ddf-7316-47e7-aee7-838711b787f1","S-1-5-21-3036625279-3127291219-2495432101-1116","Windows Server 2012 R2 Datacenter",,,"6.3 (9600)","False","6/6/2020 11:37:00 AM","False","False","CN=Domain Computers,CN=Users,DC=MobileLab,DC=home","515","Microsoft.ActiveDirectory.Management.ADPropertyValueCollection","False","132359422201705369",,"FILE$","805306369","15",,"Microsoft.ActiveDirectory.Management.ADPropertyValueCollection","Microsoft.ActiveDirectory.Management.ADPropertyValueCollection","Microsoft.ActiveDirectory.Management.ADPropertyValueCollection","S-1-5-21-3036625279-3127291219-2495432101-1116","Microsoft.ActiveDirectory.Management.ADPropertyValueCollection","False","False","False","4096","Microsoft.ActiveDirectory.Management.ADPropertyValueCollection",,"8401","8401","6/28/2020 8:12:39 PM","1/28/2020 11:25:35 PM","System.Collections.Generic.SortedDictionary`2+KeyCollection[System.String,Microsoft.ActiveDirectory.Management.ADPropertyValueCollection]","System.Collections.Generic.HashSet`1[System.String]","System.Collections.Generic.HashSet`1[System.String]","System.Collections.Generic.HashSet`1[System.String]","84"
,"9223372036854775807",,"False","False","Microsoft.ActiveDirectory.Management.ADPropertyValueCollection","Microsoft.ActiveDirectory.Management.ADPropertyValueCollection",,,,"False","MobileLab.home/US Branch/Employee/WIN81-09A","Microsoft.ActiveDirectory.Management.ADPropertyValueCollection","WIN81-09A","0","Microsoft.ActiveDirectory.Management.ADPropertyValueCollection","0","2/1/2020 3:00:04 PM","2/1/2020 3:00:04 PM",,,"WIN81-09A$","CN=WIN81-09A,OU=Employee,OU=US Branch,DC=MobileLab,DC=home","Win81-09a.MobileLab.home","False","Microsoft.ActiveDirectory.Management.ADPropertyValueCollection","True","False",,"4","10.10.10.111",,"False",,"Microsoft.ActiveDirectory.Management.ADPropertyValueCollection",,,,,"5/24/2020 6:08:15 PM","132348424953566551","0",,"False",,,"Microsoft.ActiveDirectory.Management.ADPropertyValueCollection","False","6/28/2020 8:12:39 PM","6/28/2020 8:12:39 PM",,,"28","0","WIN81-09A","System.DirectoryServices.ActiveDirectorySecurity","CN=Computer,CN=Schema,CN=Configuration,DC=MobileLab,DC=home","computer","01c4a5ba-5007-49d7-8d71-640d36d53838","S-1-5-21-3036625279-3127291219-2495432101-1118","Windows 8.1 Pro",,,"6.3 (9600)","False","5/24/2020 6:50:31 PM","False","False","CN=Domain Computers,CN=Users,DC=MobileLab,DC=home","515","Microsoft.ActiveDirectory.Management.ADPropertyValueCollection","False","132348450316033991",,"WIN81-09A$","805306369","15",,"Microsoft.ActiveDirectory.Management.ADPropertyValueCollection","Microsoft.ActiveDirectory.Management.ADPropertyValueCollection","Microsoft.ActiveDirectory.Management.ADPropertyValueCollection","S-1-5-21-3036625279-3127291219-2495432101-1118","Microsoft.ActiveDirectory.Management.ADPropertyValueCollection","False","False","False","4096","Microsoft.ActiveDirectory.Management.ADPropertyValueCollection",,"8407","8407","6/28/2020 8:12:39 PM","2/1/2020 3:00:04 PM","System.Collections.Generic.SortedDictionary`2+KeyCollection[System.String,Microsoft.ActiveDirectory.Management.ADPropertyValueCollection]","System.Collections.Generic.HashSet`1[System.String]","System.Collections.Generic.HashSet`1[System.String]","System.Collections.Generic.HashSet`1[System.String]","84"
,"9223372036854775807",,"False","False","Microsoft.ActiveDirectory.Management.ADPropertyValueCollection","Microsoft.ActiveDirectory.Management.ADPropertyValueCollection","0","0","0","False","MobileLab.home/US Branch/Employee/Win81-07","Microsoft.ActiveDirectory.Management.ADPropertyValueCollection","Win81-07","0","Microsoft.ActiveDirectory.Management.ADPropertyValueCollection","0","2/1/2020 3:00:24 PM","2/1/2020 3:00:24 PM",,,,"CN=Win81-07,OU=Employee,OU=US Branch,DC=MobileLab,DC=home","Win81-07.MobileLab.home","False","Microsoft.ActiveDirectory.Management.ADPropertyValueCollection","True","False",,"4","10.10.10.109",,"False",,"Microsoft.ActiveDirectory.Management.ADPropertyValueCollection",,,,"132576522835086060","2/8/2021 9:45:53 PM","132573231534688002","0",,"False","0",,"Microsoft.ActiveDirectory.Management.ADPropertyValueCollection","False","2/8/2021 9:45:53 PM","2/8/2021 9:45:53 PM",,,"28","0","Win81-07","System.DirectoryServices.ActiveDirectorySecurity","CN=Computer,CN=Schema,CN=Configuration,DC=MobileLab,DC=home","computer","215db739-f9b7-41dc-9d62-6d25f911ebd7","S-1-5-21-3036625279-3127291219-2495432101-1120","Windows 8.1 Pro",,,"6.3 (9600)","False","5/8/2020 4:02:14 PM","False","False","CN=Domain Computers,CN=Users,DC=MobileLab,DC=home","515","Microsoft.ActiveDirectory.Management.ADPropertyValueCollection","False","132334525344921385",,"WIN81-07$","805306369","15",,"Microsoft.ActiveDirectory.Management.ADPropertyValueCollection","Microsoft.ActiveDirectory.Management.ADPropertyValueCollection","Microsoft.ActiveDirectory.Management.ADPropertyValueCollection","S-1-5-21-3036625279-3127291219-2495432101-1120","Microsoft.ActiveDirectory.Management.ADPropertyValueCollection","False","False","False","4096","Microsoft.ActiveDirectory.Management.ADPropertyValueCollection",,"24857","8409","2/8/2021 9:45:53 PM","2/1/2020 3:00:24 PM","System.Collections.Generic.SortedDictionary`2+KeyCollection[System.String,Microsoft.ActiveDirectory.Management.ADPropertyValueCollection]","System.Collections.Generic.HashSet`1[System.String]","System.Collections.Generic.HashSet`1[System.String]","System.Collections.Generic.HashSet`1[System.String]","88"
,"9223372036854775807",,"False","False","Microsoft.ActiveDirectory.Management.ADPropertyValueCollection","Microsoft.ActiveDirectory.Management.ADPropertyValueCollection",,,,"False","MobileLab.home/US Branch/Employee/Win81-08","Microsoft.ActiveDirectory.Management.ADPropertyValueCollection","Win81-08","0","Microsoft.ActiveDirectory.Management.ADPropertyValueCollection","0","2/1/2020 3:00:13 PM","2/1/2020 3:00:13 PM",,,,"CN=Win81-08,OU=Employee,OU=US Branch,DC=MobileLab,DC=home","Win81-08.MobileLab.home","False","Microsoft.ActiveDirectory.Management.ADPropertyValueCollection","True","False",,"4","10.10.10.110",,"False",,"Microsoft.ActiveDirectory.Management.ADPropertyValueCollection",,,,,"6/25/2020 8:26:34 PM","132376155946482040","0",,"False",,,"Microsoft.ActiveDirectory.Management.ADPropertyValueCollection","False","6/28/2020 8:12:39 PM","6/28/2020 8:12:39 PM",,,"28","0","Win81-08","System.DirectoryServices.ActiveDirectorySecurity","CN=Computer,CN=Schema,CN=Configuration,DC=MobileLab,DC=home","computer","f72f8e50-594d-4b17-a057-d83d06f1f8a0","S-1-5-21-3036625279-3127291219-2495432101-1119","Windows 8.1 Pro",,,"6.3 (9600)","False","6/24/2020 12:08:55 AM","False","False","CN=Domain Computers,CN=Users,DC=MobileLab,DC=home","515","Microsoft.ActiveDirectory.Management.ADPropertyValueCollection","False","132374561355955608",,"WIN81-08$","805306369","15",,"Microsoft.ActiveDirectory.Management.ADPropertyValueCollection","Microsoft.ActiveDirectory.Management.ADPropertyValueCollection","Microsoft.ActiveDirectory.Management.ADPropertyValueCollection","S-1-5-21-3036625279-3127291219-2495432101-1119","Microsoft.ActiveDirectory.Management.ADPropertyValueCollection","False","False","False","4096","Microsoft.ActiveDirectory.Management.ADPropertyValueCollection",,"8411","8411","6/28/2020 8:12:39 PM","2/1/2020 3:00:13 PM","System.Collections.Generic.SortedDictionary`2+KeyCollection[System.String,Microsoft.ActiveDirectory.Management.ADPropertyValueCollection]","System.Collections.Generic.HashSet`1[System.String]","System.Collections.Generic.HashSet`1[System.String]","System.Collections.Generic.HashSet`1[System.String]","84"
,"9223372036854775807",,"False","False","Microsoft.ActiveDirectory.Management.ADPropertyValueCollection","Microsoft.ActiveDirectory.Management.ADPropertyValueCollection",,,,"False","MobileLab.home/US Branch/Employee/WIN81-06A","Microsoft.ActiveDirectory.Management.ADPropertyValueCollection","WIN81-06A","0","Microsoft.ActiveDirectory.Management.ADPropertyValueCollection","0","2/1/2020 3:00:33 PM","2/1/2020 3:00:33 PM",,,"WIN81-06A$","CN=WIN81-06A,OU=Employee,OU=US Branch,DC=MobileLab,DC=home","Win81-06a.MobileLab.home","False","Microsoft.ActiveDirectory.Management.ADPropertyValueCollection","True","False",,"4","10.10.10.108",,"False",,"Microsoft.ActiveDirectory.Management.ADPropertyValueCollection",,,,,"5/24/2020 6:08:12 PM","132348424920637564","0",,"False",,,"Microsoft.ActiveDirectory.Management.ADPropertyValueCollection","False","6/28/2020 8:12:39 PM","6/28/2020 8:12:39 PM",,,"28","0","WIN81-06A","System.DirectoryServices.ActiveDirectorySecurity","CN=Computer,CN=Schema,CN=Configuration,DC=MobileLab,DC=home","computer","399d0e96-00fe-41d7-a5ac-b32839fdbe65","S-1-5-21-3036625279-3127291219-2495432101-1121","Windows 8.1 Pro",,,"6.3 (9600)","False","5/24/2020 6:50:09 PM","False","False","CN=Domain Computers,CN=Users,DC=MobileLab,DC=home","515","Microsoft.ActiveDirectory.Management.ADPropertyValueCollection","False","132348450094841290",,"WIN81-06A$","805306369","15",,"Microsoft.ActiveDirectory.Management.ADPropertyValueCollection","Microsoft.ActiveDirectory.Management.ADPropertyValueCollection","Microsoft.ActiveDirectory.Management.ADPropertyValueCollection","S-1-5-21-3036625279-3127291219-2495432101-1121","Microsoft.ActiveDirectory.Management.ADPropertyValueCollection","False","False","False","4096","Microsoft.ActiveDirectory.Management.ADPropertyValueCollection",,"8413","8413","6/28/2020 8:12:39 PM","2/1/2020 3:00:33 PM","System.Collections.Generic.SortedDictionary`2+KeyCollection[System.String,Microsoft.ActiveDirectory.Management.ADPropertyValueCollection]","System.Collections.Generic.HashSet`1[System.String]","System.Collections.Generic.HashSet`1[System.String]","System.Collections.Generic.HashSet`1[System.String]","84"
,"9223372036854775807",,"False","False","Microsoft.ActiveDirectory.Management.ADPropertyValueCollection","Microsoft.ActiveDirectory.Management.ADPropertyValueCollection",,,,"False","MobileLab.home/US Branch/Employee/WIN81-05A","Microsoft.ActiveDirectory.Management.ADPropertyValueCollection","WIN81-05A","0","Microsoft.ActiveDirectory.Management.ADPropertyValueCollection","0","2/1/2020 3:00:43 PM","2/1/2020 3:00:43 PM",,,"WIN81-05A$","CN=WIN81-05A,OU=Employee,OU=US Branch,DC=MobileLab,DC=home","Win81-05a.MobileLab.home","False","Microsoft.ActiveDirectory.Management.ADPropertyValueCollection","False","False",,"4",,,"False",,"Microsoft.ActiveDirectory.Management.ADPropertyValueCollection",,,,,"6/15/2020 6:28:18 PM","132367444982182605","0",,"False",,,"Microsoft.ActiveDirectory.Management.ADPropertyValueCollection","False","6/28/2020 8:12:39 PM","6/28/2020 8:12:39 PM",,,"28","0","WIN81-05A","System.DirectoryServices.ActiveDirectorySecurity","CN=Computer,CN=Schema,CN=Configuration,DC=MobileLab,DC=home","computer","2163da96-6ea0-4b6a-bcb7-eded942f9708","S-1-5-21-3036625279-3127291219-2495432101-1122","Windows 8.1 Pro",,,"6.3 (9600)","False","6/24/2020 6:27:52 AM","False","False","CN=Domain Computers,CN=Users,DC=MobileLab,DC=home","515","Microsoft.ActiveDirectory.Management.ADPropertyValueCollection","False","132374788724900442",,"WIN81-05A$","805306369","15",,"Microsoft.ActiveDirectory.Management.ADPropertyValueCollection","Microsoft.ActiveDirectory.Management.ADPropertyValueCollection","Microsoft.ActiveDirectory.Management.ADPropertyValueCollection","S-1-5-21-3036625279-3127291219-2495432101-1122","Microsoft.ActiveDirectory.Management.ADPropertyValueCollection","False","False","False","4098","Microsoft.ActiveDirectory.Management.ADPropertyValueCollection",,"8415","8415","6/28/2020 8:12:39 PM","2/1/2020 3:00:43 PM","System.Collections.Generic.SortedDictionary`2+KeyCollection[System.String,Microsoft.ActiveDirectory.Management.ADPropertyValueCollection]","System.Collections.Generic.HashSet`1[System.String]","System.Collections.Generic.HashSet`1[System.String]","System.Collections.Generic.HashSet`1[System.String]","84"
,"9223372036854775807",,"False","False","Microsoft.ActiveDirectory.Management.ADPropertyValueCollection","Microsoft.ActiveDirectory.Management.ADPropertyValueCollection",,,,"False","MobileLab.home/US Branch/Employee/WIN81-10","Microsoft.ActiveDirectory.Management.ADPropertyValueCollection","WIN81-10","0","Microsoft.ActiveDirectory.Management.ADPropertyValueCollection","0","2/3/2020 9:36:58 PM","2/3/2020 9:36:58 PM",,,"WIN81-10$","CN=WIN81-10,OU=Employee,OU=US Branch,DC=MobileLab,DC=home","Win81-10.MobileLab.home","False","Microsoft.ActiveDirectory.Management.ADPropertyValueCollection","True","False",,"4","10.10.10.116",,"False",,"Microsoft.ActiveDirectory.Management.ADPropertyValueCollection",,,,,"6/25/2020 6:35:42 PM","132376089425466870","0",,"False",,,"Microsoft.ActiveDirectory.Management.ADPropertyValueCollection","False","6/28/2020 8:12:39 PM","6/28/2020 8:12:39 PM",,,"28","0","WIN81-10","System.DirectoryServices.ActiveDirectorySecurity","CN=Computer,CN=Schema,CN=Configuration,DC=MobileLab,DC=home","computer","86b4bff9-efab-4bdc-98cb-91e91b854b3b","S-1-5-21-3036625279-3127291219-2495432101-1123","Windows 8.1 Pro",,,"6.3 (9600)","False","5/10/2020 8:12:18 AM","False","False","CN=Domain Computers,CN=Users,DC=MobileLab,DC=home","515","Microsoft.ActiveDirectory.Management.ADPropertyValueCollection","False","132335971388604663",,"WIN81-10$","805306369","15",,"Microsoft.ActiveDirectory.Management.ADPropertyValueCollection","Microsoft.ActiveDirectory.Management.ADPropertyValueCollection","Microsoft.ActiveDirectory.Management.ADPropertyValueCollection","S-1-5-21-3036625279-3127291219-2495432101-1123","Microsoft.ActiveDirectory.Management.ADPropertyValueCollection","False","False","False","4096","Microsoft.ActiveDirectory.Management.ADPropertyValueCollection",,"8417","8417","6/28/2020 8:12:39 PM","2/3/2020 9:36:58 PM","System.Collections.Generic.SortedDictionary`2+KeyCollection[System.String,Microsoft.ActiveDirectory.Management.ADPropertyValueCollection]","System.Collections.Generic.HashSet`1[System.String]","System.Collections.Generic.HashSet`1[System.String]","System.Collections.Generic.HashSet`1[System.String]","84"
,"9223372036854775807",,"False","False","Microsoft.ActiveDirectory.Management.ADPropertyValueCollection","Microsoft.ActiveDirectory.Management.ADPropertyValueCollection","0","0","0","False","MobileLab.home/US Branch/Employee/WIN10-01","Microsoft.ActiveDirectory.Management.ADPropertyValueCollection","WIN10-01","0","Microsoft.ActiveDirectory.Management.ADPropertyValueCollection","0","2/22/2020 10:17:03 PM","2/22/2020 10:17:03 PM",,,,"CN=WIN10-01,OU=Employee,OU=US Branch,DC=MobileLab,DC=home","Win10-01.MobileLab.home","False","Microsoft.ActiveDirectory.Management.ADPropertyValueCollection","True","False",,"4","10.10.10.101",,"False",,"Microsoft.ActiveDirectory.Management.ADPropertyValueCollection",,,"0","132659028288114132","12/26/2022 1:48:55 AM","133165217353327668","0",,"False","408",,"Microsoft.ActiveDirectory.Management.ADPropertyValueCollection","False","5/16/2021 10:10:08 AM","5/16/2021 10:10:08 AM",,,"28","0","WIN10-01","System.DirectoryServices.ActiveDirectorySecurity","CN=Computer,CN=Schema,CN=Configuration,DC=MobileLab,DC=home","computer","c5598edc-cc00-44a5-a5af-faa8010ca70e","S-1-5-21-3036625279-3127291219-2495432101-1126","Windows 10 Pro",,,"10.0 (19042)","False","5/16/2021 10:10:08 AM","False","False","CN=Domain Computers,CN=Users,DC=MobileLab,DC=home","515","Microsoft.ActiveDirectory.Management.ADPropertyValueCollection","False","132656586085548042",,"WIN10-01$","805306369","15",,"Microsoft.ActiveDirectory.Management.ADPropertyValueCollection","Microsoft.ActiveDirectory.Management.ADPropertyValueCollection","Microsoft.ActiveDirectory.Management.ADPropertyValueCollection","S-1-5-21-3036625279-3127291219-2495432101-1126","Microsoft.ActiveDirectory.Management.ADPropertyValueCollection","False","False","False","4096","Microsoft.ActiveDirectory.Management.ADPropertyValueCollection",,"131147","8435","5/16/2021 10:10:08 AM","2/22/2020 10:17:03 PM","System.Collections.Generic.SortedDictionary`2+KeyCollection[System.String,Microsoft.ActiveDirectory.Management.ADPropertyValueCollection]","System.Collections.Generic.HashSet`1[System.String]","System.Collections.Generic.HashSet`1[System.String]","System.Collections.Generic.HashSet`1[System.String]","89"
,"9223372036854775807",,"False","False","Microsoft.ActiveDirectory.Management.ADPropertyValueCollection","Microsoft.ActiveDirectory.Management.ADPropertyValueCollection","0","0","0","False","MobileLab.home/US Branch/Employee/WIN10-03","Microsoft.ActiveDirectory.Management.ADPropertyValueCollection","WIN10-03","0","Microsoft.ActiveDirectory.Management.ADPropertyValueCollection","0","2/22/2020 10:19:17 PM","2/22/2020 10:19:17 PM",,,,"CN=WIN10-03,OU=Employee,OU=US Branch,DC=MobileLab,DC=home","Win10-03.MobileLab.home","False","Microsoft.ActiveDirectory.Management.ADPropertyValueCollection","True","False",,"4","10.10.10.103",,"False",,"Microsoft.ActiveDirectory.Management.ADPropertyValueCollection",,,"0","132648755730686962","5/7/2021 7:14:03 AM","132648704431149921","0",,"False","139",,"Microsoft.ActiveDirectory.Management.ADPropertyValueCollection","False","5/7/2021 7:14:03 AM","5/7/2021 7:14:03 AM",,,"28","0","WIN10-03","System.DirectoryServices.ActiveDirectorySecurity","CN=Computer,CN=Schema,CN=Configuration,DC=MobileLab,DC=home","computer","fdd19019-ce53-4b4c-bbaf-754faaf5e928","S-1-5-21-3036625279-3127291219-2495432101-1127","Windows 10 Pro",,,"10.0 (19042)","False","5/7/2021 7:14:03 AM","False","False","CN=Domain Computers,CN=Users,DC=MobileLab,DC=home","515","Microsoft.ActiveDirectory.Management.ADPropertyValueCollection","False","132648704433336379",,"WIN10-03$","805306369","15",,"Microsoft.ActiveDirectory.Management.ADPropertyValueCollection","Microsoft.ActiveDirectory.Management.ADPropertyValueCollection","Microsoft.ActiveDirectory.Management.ADPropertyValueCollection","S-1-5-21-3036625279-3127291219-2495432101-1127","Microsoft.ActiveDirectory.Management.ADPropertyValueCollection","False","False","False","4096","Microsoft.ActiveDirectory.Management.ADPropertyValueCollection",,"127197","8437","5/7/2021 7:14:03 AM","2/22/2020 10:19:17 PM","System.Collections.Generic.SortedDictionary`2+KeyCollection[System.String,Microsoft.ActiveDirectory.Management.ADPropertyValueCollection]","System.Collections.Generic.HashSet`1[System.String]","System.Collections.Generic.HashSet`1[System.String]","System.Collections.Generic.HashSet`1[System.String]","89"
,"9223372036854775807",,"False","False","Microsoft.ActiveDirectory.Management.ADPropertyValueCollection","Microsoft.ActiveDirectory.Management.ADPropertyValueCollection","0","0","0","False","MobileLab.home/US Branch/Employee/WIN10-04","Microsoft.ActiveDirectory.Management.ADPropertyValueCollection","WIN10-04","0","Microsoft.ActiveDirectory.Management.ADPropertyValueCollection","0","2/22/2020 10:19:54 PM","2/22/2020 10:19:54 PM",,,,"CN=WIN10-04,OU=Employee,OU=US Branch,DC=MobileLab,DC=home","Win10-04.MobileLab.home","False","Microsoft.ActiveDirectory.Management.ADPropertyValueCollection","True","False",,"4","10.10.10.104",,"False",,"Microsoft.ActiveDirectory.Management.ADPropertyValueCollection",,,"0","132648755774088750","5/7/2021 7:14:08 AM","132648704482311086","0",,"False","103",,"Microsoft.ActiveDirectory.Management.ADPropertyValueCollection","False","5/7/2021 7:14:08 AM","5/7/2021 7:14:08 AM",,,"28","0","WIN10-04","System.DirectoryServices.ActiveDirectorySecurity","CN=Computer,CN=Schema,CN=Configuration,DC=MobileLab,DC=home","computer","36a2b0fc-9e36-4fba-9af2-1805009fd9e8","S-1-5-21-3036625279-3127291219-2495432101-1128","Windows 10 Pro",,,"10.0 (19042)","False","5/7/2021 7:14:08 AM","False","False","CN=Domain Computers,CN=Users,DC=MobileLab,DC=home","515","Microsoft.ActiveDirectory.Management.ADPropertyValueCollection","False","132648704484776145",,"WIN10-04$","805306369","15",,"Microsoft.ActiveDirectory.Management.ADPropertyValueCollection","Microsoft.ActiveDirectory.Management.ADPropertyValueCollection","Microsoft.ActiveDirectory.Management.ADPropertyValueCollection","S-1-5-21-3036625279-3127291219-2495432101-1128","Microsoft.ActiveDirectory.Management.ADPropertyValueCollection","False","False","False","4096","Microsoft.ActiveDirectory.Management.ADPropertyValueCollection",,"127207","8439","5/7/2021 7:14:08 AM","2/22/2020 10:19:54 PM","System.Collections.Generic.SortedDictionary`2+KeyCollection[System.String,Microsoft.ActiveDirectory.Management.ADPropertyValueCollection]","System.Collections.Generic.HashSet`1[System.String]","System.Collections.Generic.HashSet`1[System.String]","System.Collections.Generic.HashSet`1[System.String]","89"
,"9223372036854775807",,"False","False","Microsoft.ActiveDirectory.Management.ADPropertyValueCollection","Microsoft.ActiveDirectory.Management.ADPropertyValueCollection","0","0","0","False","MobileLab.home/US Branch/Employee/WIN10-02","Microsoft.ActiveDirectory.Management.ADPropertyValueCollection","WIN10-02","0","Microsoft.ActiveDirectory.Management.ADPropertyValueCollection","0","2/22/2020 10:21:59 PM","2/22/2020 10:21:59 PM",,,,"CN=WIN10-02,OU=Employee,OU=US Branch,DC=MobileLab,DC=home","Win10-02.MobileLab.home","False","Microsoft.ActiveDirectory.Management.ADPropertyValueCollection","True","False",,"4","10.10.10.102",,"False",,"Microsoft.ActiveDirectory.Management.ADPropertyValueCollection",,,"0","132648750756069353","12/26/2022 1:48:55 AM","133165217353015218","0",,"False","360",,"Microsoft.ActiveDirectory.Management.ADPropertyValueCollection","False","4/16/2021 6:20:08 AM","4/16/2021 6:20:08 AM",,,"28","0","WIN10-02","System.DirectoryServices.ActiveDirectorySecurity","CN=Computer,CN=Schema,CN=Configuration,DC=MobileLab,DC=home","computer","0ddeec3e-3cda-4ad3-a3ae-a126bf973487","S-1-5-21-3036625279-3127291219-2495432101-1130","Windows 10 Pro",,,"10.0 (19042)","False","4/16/2021 6:20:08 AM","False","False","CN=Domain Computers,CN=Users,DC=MobileLab,DC=home","515","Microsoft.ActiveDirectory.Management.ADPropertyValueCollection","False","132630528083536951",,"WIN10-02$","805306369","15",,"Microsoft.ActiveDirectory.Management.ADPropertyValueCollection","Microsoft.ActiveDirectory.Management.ADPropertyValueCollection","Microsoft.ActiveDirectory.Management.ADPropertyValueCollection","S-1-5-21-3036625279-3127291219-2495432101-1130","Microsoft.ActiveDirectory.Management.ADPropertyValueCollection","False","False","False","4096","Microsoft.ActiveDirectory.Management.ADPropertyValueCollection",,"106698","8443","4/16/2021 6:20:08 AM","2/22/2020 10:21:59 PM","System.Collections.Generic.SortedDictionary`2+KeyCollection[System.String,Microsoft.ActiveDirectory.Management.ADPropertyValueCollection]","System.Collections.Generic.HashSet`1[System.String]","System.Collections.Generic.HashSet`1[System.String]","System.Collections.Generic.HashSet`1[System.String]","89"
,"9223372036854775807",,"False","False","Microsoft.ActiveDirectory.Management.ADPropertyValueCollection","Microsoft.ActiveDirectory.Management.ADPropertyValueCollection",,,,"False","MobileLab.home/Computers/WIN2019-01","Microsoft.ActiveDirectory.Management.ADPropertyValueCollection","WIN2019-01","0","Microsoft.ActiveDirectory.Management.ADPropertyValueCollection","0","2/23/2020 2:27:43 AM","2/23/2020 2:27:43 AM",,,,"CN=WIN2019-01,CN=Computers,DC=MobileLab,DC=home","Win2019-01.MobileLab.home","False","Microsoft.ActiveDirectory.Management.ADPropertyValueCollection","True","False",,"4","10.10.10.115",,"False",,"Microsoft.ActiveDirectory.Management.ADPropertyValueCollection",,,,,"2/23/2020 2:27:45 AM","132269272654047795","0",,"False",,,"Microsoft.ActiveDirectory.Management.ADPropertyValueCollection","False","6/28/2020 8:12:39 PM","6/28/2020 8:12:39 PM",,,"28","0","WIN2019-01","System.DirectoryServices.ActiveDirectorySecurity","CN=Computer,CN=Schema,CN=Configuration,DC=MobileLab,DC=home","computer","4da20ab8-c19a-4fac-88c8-f3d6bbd52942","S-1-5-21-3036625279-3127291219-2495432101-1131","Windows Server 2019 Standard Evaluation",,,"10.0 (17763)","False","2/23/2020 2:27:43 AM","False","False","CN=Domain Computers,CN=Users,DC=MobileLab,DC=home","515","Microsoft.ActiveDirectory.Management.ADPropertyValueCollection","False","132269272638266473",,"WIN2019-01$","805306369","15",,"Microsoft.ActiveDirectory.Management.ADPropertyValueCollection","Microsoft.ActiveDirectory.Management.ADPropertyValueCollection","Microsoft.ActiveDirectory.Management.ADPropertyValueCollection","S-1-5-21-3036625279-3127291219-2495432101-1131","Microsoft.ActiveDirectory.Management.ADPropertyValueCollection","False","False","False","4096","Microsoft.ActiveDirectory.Management.ADPropertyValueCollection",,"8445","8445","6/28/2020 8:12:39 PM","2/23/2020 2:27:43 AM","System.Collections.Generic.SortedDictionary`2+KeyCollection[System.String,Microsoft.ActiveDirectory.Management.ADPropertyValueCollection]","System.Collections.Generic.HashSet`1[System.String]","System.Collections.Generic.HashSet`1[System.String]","System.Collections.Generic.HashSet`1[System.String]","84"
,"9223372036854775807",,"False","False","Microsoft.ActiveDirectory.Management.ADPropertyValueCollection","Microsoft.ActiveDirectory.Management.ADPropertyValueCollection",,,,"False","MobileLab.home/Computers/WIN81-09","Microsoft.ActiveDirectory.Management.ADPropertyValueCollection","WIN81-09","0","Microsoft.ActiveDirectory.Management.ADPropertyValueCollection","0","5/24/2020 9:50:15 PM","5/24/2020 9:50:15 PM",,,,"CN=WIN81-09,CN=Computers,DC=MobileLab,DC=home","Win81-09.MobileLab.home","False","Microsoft.ActiveDirectory.Management.ADPropertyValueCollection","True","False",,"4","10.10.10.111",,"False",,"Microsoft.ActiveDirectory.Management.ADPropertyValueCollection",,,,,"6/25/2020 7:18:07 PM","132376114877769030","0",,"False",,,"Microsoft.ActiveDirectory.Management.ADPropertyValueCollection","False","6/28/2020 8:12:39 PM","6/28/2020 8:12:39 PM",,,"28","0","WIN81-09","System.DirectoryServices.ActiveDirectorySecurity","CN=Computer,CN=Schema,CN=Configuration,DC=MobileLab,DC=home","computer","7fbc71e2-5ccd-40ea-9218-76e1bfd960cf","S-1-5-21-3036625279-3127291219-2495432101-1136","Windows 8.1 Pro",,,"6.3 (9600)","False","6/24/2020 4:11:16 PM","False","False","CN=Domain Computers,CN=Users,DC=MobileLab,DC=home","515","Microsoft.ActiveDirectory.Management.ADPropertyValueCollection","False","132375138765170264",,"WIN81-09$","805306369","15",,"Microsoft.ActiveDirectory.Management.ADPropertyValueCollection","Microsoft.ActiveDirectory.Management.ADPropertyValueCollection","Microsoft.ActiveDirectory.Management.ADPropertyValueCollection","S-1-5-21-3036625279-3127291219-2495432101-1136","Microsoft.ActiveDirectory.Management.ADPropertyValueCollection","False","False","False","4096","Microsoft.ActiveDirectory.Management.ADPropertyValueCollection",,"8469","8469","6/28/2020 8:12:39 PM","5/24/2020 9:50:15 PM","System.Collections.Generic.SortedDictionary`2+KeyCollection[System.String,Microsoft.ActiveDirectory.Management.ADPropertyValueCollection]","System.Collections.Generic.HashSet`1[System.String]","System.Collections.Generic.HashSet`1[System.String]","System.Collections.Generic.HashSet`1[System.String]","84"
,"9223372036854775807",,"False","False","Microsoft.ActiveDirectory.Management.ADPropertyValueCollection","Microsoft.ActiveDirectory.Management.ADPropertyValueCollection",,,,"False","MobileLab.home/Computers/WIN81-06","Microsoft.ActiveDirectory.Management.ADPropertyValueCollection","WIN81-06","0","Microsoft.ActiveDirectory.Management.ADPropertyValueCollection","0","5/24/2020 9:50:22 PM","5/24/2020 9:50:22 PM",,,,"CN=WIN81-06,CN=Computers,DC=MobileLab,DC=home","Win81-06.MobileLab.home","False","Microsoft.ActiveDirectory.Management.ADPropertyValueCollection","False","False",,"4",,,"False",,"Microsoft.ActiveDirectory.Management.ADPropertyValueCollection",,,,,"6/15/2020 6:29:44 PM","132367445840122160","0",,"False",,,"Microsoft.ActiveDirectory.Management.ADPropertyValueCollection","False","6/28/2020 8:12:39 PM","6/28/2020 8:12:39 PM",,,"28","0","WIN81-06","System.DirectoryServices.ActiveDirectorySecurity","CN=Computer,CN=Schema,CN=Configuration,DC=MobileLab,DC=home","computer","1f2292ad-887a-42d1-869d-12e87de84b05","S-1-5-21-3036625279-3127291219-2495432101-1137","Windows 8.1 Pro",,,"6.3 (9600)","False","5/24/2020 9:50:22 PM","False","False","CN=Domain Computers,CN=Users,DC=MobileLab,DC=home","515","Microsoft.ActiveDirectory.Management.ADPropertyValueCollection","False","132348558229076075",,"WIN81-06$","805306369","15",,"Microsoft.ActiveDirectory.Management.ADPropertyValueCollection","Microsoft.ActiveDirectory.Management.ADPropertyValueCollection","Microsoft.ActiveDirectory.Management.ADPropertyValueCollection","S-1-5-21-3036625279-3127291219-2495432101-1137","Microsoft.ActiveDirectory.Management.ADPropertyValueCollection","False","False","False","4098","Microsoft.ActiveDirectory.Management.ADPropertyValueCollection",,"8471","8471","6/28/2020 8:12:39 PM","5/24/2020 9:50:22 PM","System.Collections.Generic.SortedDictionary`2+KeyCollection[System.String,Microsoft.ActiveDirectory.Management.ADPropertyValueCollection]","System.Collections.Generic.HashSet`1[System.String]","System.Collections.Generic.HashSet`1[System.String]","System.Collections.Generic.HashSet`1[System.String]","84"
,"9223372036854775807",,"False","False","Microsoft.ActiveDirectory.Management.ADPropertyValueCollection","Microsoft.ActiveDirectory.Management.ADPropertyValueCollection",,,,"False","MobileLab.home/Computers/WIN81-05","Microsoft.ActiveDirectory.Management.ADPropertyValueCollection","WIN81-05","0","Microsoft.ActiveDirectory.Management.ADPropertyValueCollection","0","5/24/2020 9:50:31 PM","5/24/2020 9:50:31 PM",,,,"CN=WIN81-05,CN=Computers,DC=MobileLab,DC=home","Win81-05.MobileLab.home","False","Microsoft.ActiveDirectory.Management.ADPropertyValueCollection","True","False",,"4","10.10.10.113",,"False",,"Microsoft.ActiveDirectory.Management.ADPropertyValueCollection",,,,,"6/25/2020 8:43:38 PM","132376166189659271","0",,"False",,,"Microsoft.ActiveDirectory.Management.ADPropertyValueCollection","False","6/28/2020 8:12:39 PM","6/28/2020 8:12:39 PM",,,"28","0","WIN81-05","System.DirectoryServices.ActiveDirectorySecurity","CN=Computer,CN=Schema,CN=Configuration,DC=MobileLab,DC=home","computer","823dbc52-02b4-47e6-80e5-9f34b6689a1a","S-1-5-21-3036625279-3127291219-2495432101-1138","Windows 8.1 Pro",,,"6.3 (9600)","False","6/24/2020 9:13:31 PM","False","False","CN=Domain Computers,CN=Users,DC=MobileLab,DC=home","515","Microsoft.ActiveDirectory.Management.ADPropertyValueCollection","False","132375320116982113",,"WIN81-05$","805306369","15",,"Microsoft.ActiveDirectory.Management.ADPropertyValueCollection","Microsoft.ActiveDirectory.Management.ADPropertyValueCollection","Microsoft.ActiveDirectory.Management.ADPropertyValueCollection","S-1-5-21-3036625279-3127291219-2495432101-1138","Microsoft.ActiveDirectory.Management.ADPropertyValueCollection","False","False","False","4096","Microsoft.ActiveDirectory.Management.ADPropertyValueCollection",,"8473","8473","6/28/2020 8:12:39 PM","5/24/2020 9:50:31 PM","System.Collections.Generic.SortedDictionary`2+KeyCollection[System.String,Microsoft.ActiveDirectory.Management.ADPropertyValueCollection]","System.Collections.Generic.HashSet`1[System.String]","System.Collections.Generic.HashSet`1[System.String]","System.Collections.Generic.HashSet`1[System.String]","84"
,"9223372036854775807",,"False","False","Microsoft.ActiveDirectory.Management.ADPropertyValueCollection","Microsoft.ActiveDirectory.Management.ADPropertyValueCollection",,,,"False","MobileLab.home/Europe Branch/Remote Support/WINXP-01","Microsoft.ActiveDirectory.Management.ADPropertyValueCollection","WINXP-01","0","Microsoft.ActiveDirectory.Management.ADPropertyValueCollection","0","1/28/2020 11:22:01 PM","1/28/2020 11:22:01 PM",,,"WINXP-01$","CN=WINXP-01,OU=Remote Support,OU=Europe Branch,DC=MobileLab,DC=home","winxp-01.MobileLab.home","False","Microsoft.ActiveDirectory.Management.ADPropertyValueCollection","False","False",,"4","10.10.10.105",,"False",,"Microsoft.ActiveDirectory.Management.ADPropertyValueCollection",,,,,"1/28/2020 11:22:05 PM","132247561250349693","0",,"False",,,"Microsoft.ActiveDirectory.Management.ADPropertyValueCollection","False","6/28/2020 8:12:39 PM","6/28/2020 8:12:39 PM",,,,"0","WINXP-01","System.DirectoryServices.ActiveDirectorySecurity","CN=Computer,CN=Schema,CN=Configuration,DC=MobileLab,DC=home","computer","95a3518c-386b-4465-8ed3-157d4acd5fde","S-1-5-21-3036625279-3127291219-2495432101-1115","Windows XP Professional",,"Service Pack 3","5.1 (2600)","False","1/28/2020 11:22:01 PM","False","False","CN=Domain Computers,CN=Users,DC=MobileLab,DC=home","515","Microsoft.ActiveDirectory.Management.ADPropertyValueCollection","False","132247561211730961",,"WINXP-01$","805306369","15",,"Microsoft.ActiveDirectory.Management.ADPropertyValueCollection","Microsoft.ActiveDirectory.Management.ADPropertyValueCollection","Microsoft.ActiveDirectory.Management.ADPropertyValueCollection","S-1-5-21-3036625279-3127291219-2495432101-1115","Microsoft.ActiveDirectory.Management.ADPropertyValueCollection","False","False","False","4098","Microsoft.ActiveDirectory.Management.ADPropertyValueCollection",,"8765","8765","6/28/2020 8:12:39 PM","1/28/2020 11:22:01 PM","System.Collections.Generic.SortedDictionary`2+KeyCollection[System.String,Microsoft.ActiveDirectory.Management.ADPropertyValueCollection]","System.Collections.Generic.HashSet`1[System.String]","System.Collections.Generic.HashSet`1[System.String]","System.Collections.Generic.HashSet`1[System.String]","83"
,"9223372036854775807",,"False","False","Microsoft.ActiveDirectory.Management.ADPropertyValueCollection","Microsoft.ActiveDirectory.Management.ADPropertyValueCollection","0","0","0","False","MobileLab.home/Computers/WIN10-06","Microsoft.ActiveDirectory.Management.ADPropertyValueCollection","WIN10-06","0","Microsoft.ActiveDirectory.Management.ADPropertyValueCollection","0","2/21/2021 6:00:25 PM","2/21/2021 6:00:25 PM",,,,"CN=WIN10-06,CN=Computers,DC=MobileLab,DC=home","Win10-06.MobileLab.home","False","Microsoft.ActiveDirectory.Management.ADPropertyValueCollection","True","False",,"4","10.100.100.106",,"False",,"Microsoft.ActiveDirectory.Management.ADPropertyValueCollection",,,"0","132648748515604768","5/4/2021 9:40:23 PM","132646632232473747","0",,"False","74",,"Microsoft.ActiveDirectory.Management.ADPropertyValueCollection","False","5/6/2021 9:29:05 PM","5/6/2021 9:29:05 PM",,,"28","0","WIN10-06","System.DirectoryServices.ActiveDirectorySecurity","CN=Computer,CN=Schema,CN=Configuration,DC=MobileLab,DC=home","computer","6d2744b1-802d-4bb3-9991-2f918c6345b9","S-1-5-21-3036625279-3127291219-2495432101-2606","Windows 10 Pro",,,"10.0 (19042)","False","5/6/2021 9:29:05 PM","False","False","CN=Domain Computers,CN=Users,DC=MobileLab,DC=home","515","Microsoft.ActiveDirectory.Management.ADPropertyValueCollection","False","132648353452972586",,"WIN10-06$","805306369","15",,"Microsoft.ActiveDirectory.Management.ADPropertyValueCollection","Microsoft.ActiveDirectory.Management.ADPropertyValueCollection","Microsoft.ActiveDirectory.Management.ADPropertyValueCollection","S-1-5-21-3036625279-3127291219-2495432101-2606","Microsoft.ActiveDirectory.Management.ADPropertyValueCollection","False","False","False","4096","Microsoft.ActiveDirectory.Management.ADPropertyValueCollection",,"122969","45108","5/6/2021 9:29:05 PM","2/21/2021 6:00:25 PM","System.Collections.Generic.SortedDictionary`2+KeyCollection[System.String,Microsoft.ActiveDirectory.Management.ADPropertyValueCollection]","System.Collections.Generic.HashSet`1[System.String]","System.Collections.Generic.HashSet`1[System.String]","System.Collections.Generic.HashSet`1[System.String]","89"
,"9223372036854775807",,"False","False","Microsoft.ActiveDirectory.Management.ADPropertyValueCollection","Microsoft.ActiveDirectory.Management.ADPropertyValueCollection","0","0","0","False","MobileLab.home/Computers/WIN10-07","Microsoft.ActiveDirectory.Management.ADPropertyValueCollection","WIN10-07","0","Microsoft.ActiveDirectory.Management.ADPropertyValueCollection","0","2/21/2021 6:02:41 PM","2/21/2021 6:02:41 PM",,,,"CN=WIN10-07,CN=Computers,DC=MobileLab,DC=home","Win10-07.MobileLab.home","False","Microsoft.ActiveDirectory.Management.ADPropertyValueCollection","True","False",,"4","10.10.10.107",,"False",,"Microsoft.ActiveDirectory.Management.ADPropertyValueCollection",,,"0","132648755341946485","5/4/2021 9:40:23 PM","132646632239921364","0",,"False","57",,"Microsoft.ActiveDirectory.Management.ADPropertyValueCollection","False","5/4/2021 9:40:24 PM","5/4/2021 9:40:24 PM",,,"28","0","WIN10-07","System.DirectoryServices.ActiveDirectorySecurity","CN=Computer,CN=Schema,CN=Configuration,DC=MobileLab,DC=home","computer","01e8dccb-fc7e-42d0-810d-15bbaebfd6f5","S-1-5-21-3036625279-3127291219-2495432101-2607","Windows 10 Pro",,,"10.0 (19042)","False","5/4/2021 9:40:24 PM","False","False","CN=Domain Computers,CN=Users,DC=MobileLab,DC=home","515","Microsoft.ActiveDirectory.Management.ADPropertyValueCollection","False","132646632241177021",,"WIN10-07$","805306369","15",,"Microsoft.ActiveDirectory.Management.ADPropertyValueCollection","Microsoft.ActiveDirectory.Management.ADPropertyValueCollection","Microsoft.ActiveDirectory.Management.ADPropertyValueCollection","S-1-5-21-3036625279-3127291219-2495432101-2607","Microsoft.ActiveDirectory.Management.ADPropertyValueCollection","False","False","False","4096","Microsoft.ActiveDirectory.Management.ADPropertyValueCollection",,"110765","45141","5/4/2021 9:40:24 PM","2/21/2021 6:02:41 PM","System.Collections.Generic.SortedDictionary`2+KeyCollection[System.String,Microsoft.ActiveDirectory.Management.ADPropertyValueCollection]","System.Collections.Generic.HashSet`1[System.String]","System.Collections.Generic.HashSet`1[System.String]","System.Collections.Generic.HashSet`1[System.String]","89"
,"9223372036854775807",,"False","False","Microsoft.ActiveDirectory.Management.ADPropertyValueCollection","Microsoft.ActiveDirectory.Management.ADPropertyValueCollection","0","0","0","False","MobileLab.home/Computers/WIN10-08","Microsoft.ActiveDirectory.Management.ADPropertyValueCollection","WIN10-08","0","Microsoft.ActiveDirectory.Management.ADPropertyValueCollection","0","2/21/2021 6:05:14 PM","2/21/2021 6:05:14 PM",,,,"CN=WIN10-08,CN=Computers,DC=MobileLab,DC=home","Win10-08.MobileLab.home","False","Microsoft.ActiveDirectory.Management.ADPropertyValueCollection","True","False",,"4","10.10.10.108",,"False",,"Microsoft.ActiveDirectory.Management.ADPropertyValueCollection",,,"0","132648756134413422","5/4/2021 9:40:25 PM","132646632257122986","0",,"False","60",,"Microsoft.ActiveDirectory.Management.ADPropertyValueCollection","False","5/4/2021 9:40:25 PM","5/4/2021 9:40:25 PM",,,"28","0","WIN10-08","System.DirectoryServices.ActiveDirectorySecurity","CN=Computer,CN=Schema,CN=Configuration,DC=MobileLab,DC=home","computer","65ed106b-323c-4cf9-a1d7-fdcdc7355a70","S-1-5-21-3036625279-3127291219-2495432101-2608","Windows 10 Pro",,,"10.0 (19042)","False","5/4/2021 9:40:25 PM","False","False","CN=Domain Computers,CN=Users,DC=MobileLab,DC=home","515","Microsoft.ActiveDirectory.Management.ADPropertyValueCollection","False","132646632258379129",,"WIN10-08$","805306369","15",,"Microsoft.ActiveDirectory.Management.ADPropertyValueCollection","Microsoft.ActiveDirectory.Management.ADPropertyValueCollection","Microsoft.ActiveDirectory.Management.ADPropertyValueCollection","S-1-5-21-3036625279-3127291219-2495432101-2608","Microsoft.ActiveDirectory.Management.ADPropertyValueCollection","False","False","False","4096","Microsoft.ActiveDirectory.Management.ADPropertyValueCollection",,"110774","45147","5/4/2021 9:40:25 PM","2/21/2021 6:05:14 PM","System.Collections.Generic.SortedDictionary`2+KeyCollection[System.String,Microsoft.ActiveDirectory.Management.ADPropertyValueCollection]","System.Collections.Generic.HashSet`1[System.String]","System.Collections.Generic.HashSet`1[System.String]","System.Collections.Generic.HashSet`1[System.String]","89"
,"9223372036854775807",,"False","False","Microsoft.ActiveDirectory.Management.ADPropertyValueCollection","Microsoft.ActiveDirectory.Management.ADPropertyValueCollection","0","0","0","False","MobileLab.home/Computers/WIN10-10","Microsoft.ActiveDirectory.Management.ADPropertyValueCollection","WIN10-10","0","Microsoft.ActiveDirectory.Management.ADPropertyValueCollection","0","2/21/2021 6:07:35 PM","2/21/2021 6:07:35 PM",,,,"CN=WIN10-10,CN=Computers,DC=MobileLab,DC=home","Win10-10.MobileLab.home","False","Microsoft.ActiveDirectory.Management.ADPropertyValueCollection","True","False",,"4","10.10.10.110",,"False",,"Microsoft.ActiveDirectory.Management.ADPropertyValueCollection",,,"0","132648756173400494","5/4/2021 9:40:29 PM","132646632296557970","0",,"False","60",,"Microsoft.ActiveDirectory.Management.ADPropertyValueCollection","False","5/4/2021 9:40:29 PM","5/4/2021 9:40:29 PM",,,"28","0","WIN10-10","System.DirectoryServices.ActiveDirectorySecurity","CN=Computer,CN=Schema,CN=Configuration,DC=MobileLab,DC=home","computer","05f0903d-74aa-4fdf-8145-9ad8cde5add6","S-1-5-21-3036625279-3127291219-2495432101-2609","Windows 10 Pro",,,"10.0 (19042)","False","5/4/2021 9:40:29 PM","False","False","CN=Domain Computers,CN=Users,DC=MobileLab,DC=home","515","Microsoft.ActiveDirectory.Management.ADPropertyValueCollection","False","132646632298226460",,"WIN10-10$","805306369","15",,"Microsoft.ActiveDirectory.Management.ADPropertyValueCollection","Microsoft.ActiveDirectory.Management.ADPropertyValueCollection","Microsoft.ActiveDirectory.Management.ADPropertyValueCollection","S-1-5-21-3036625279-3127291219-2495432101-2609","Microsoft.ActiveDirectory.Management.ADPropertyValueCollection","False","False","False","4096","Microsoft.ActiveDirectory.Management.ADPropertyValueCollection",,"110787","45167","5/4/2021 9:40:29 PM","2/21/2021 6:07:35 PM","System.Collections.Generic.SortedDictionary`2+KeyCollection[System.String,Microsoft.ActiveDirectory.Management.ADPropertyValueCollection]","System.Collections.Generic.HashSet`1[System.String]","System.Collections.Generic.HashSet`1[System.String]","System.Collections.Generic.HashSet`1[System.String]","89"
,"9223372036854775807",,"False","False","Microsoft.ActiveDirectory.Management.ADPropertyValueCollection","Microsoft.ActiveDirectory.Management.ADPropertyValueCollection","0","0","0","False","MobileLab.home/Computers/WIN10-09","Microsoft.ActiveDirectory.Management.ADPropertyValueCollection","WIN10-09","0","Microsoft.ActiveDirectory.Management.ADPropertyValueCollection","0","2/21/2021 6:09:59 PM","2/21/2021 6:09:59 PM",,,,"CN=WIN10-09,CN=Computers,DC=MobileLab,DC=home","Win10-09.MobileLab.home","False","Microsoft.ActiveDirectory.Management.ADPropertyValueCollection","True","False",,"4","10.10.10.109",,"False",,"Microsoft.ActiveDirectory.Management.ADPropertyValueCollection",,,"0","132648756147880291","5/4/2021 9:40:28 PM","132646632281291411","0",,"False","60",,"Microsoft.ActiveDirectory.Management.ADPropertyValueCollection","False","5/7/2021 7:14:45 AM","5/7/2021 7:14:45 AM",,,"28","0","WIN10-09","System.DirectoryServices.ActiveDirectorySecurity","CN=Computer,CN=Schema,CN=Configuration,DC=MobileLab,DC=home","computer","985f226f-f58a-4226-8559-b1d20ce9d928","S-1-5-21-3036625279-3127291219-2495432101-2610","Windows 10 Pro",,,"10.0 (19042)","False","5/7/2021 7:14:45 AM","False","False","CN=Domain Computers,CN=Users,DC=MobileLab,DC=home","515","Microsoft.ActiveDirectory.Management.ADPropertyValueCollection","False","132648704857643422",,"WIN10-09$","805306369","15",,"Microsoft.ActiveDirectory.Management.ADPropertyValueCollection","Microsoft.ActiveDirectory.Management.ADPropertyValueCollection","Microsoft.ActiveDirectory.Management.ADPropertyValueCollection","S-1-5-21-3036625279-3127291219-2495432101-2610","Microsoft.ActiveDirectory.Management.ADPropertyValueCollection","False","False","False","4096","Microsoft.ActiveDirectory.Management.ADPropertyValueCollection",,"127226","45189","5/7/2021 7:14:45 AM","2/21/2021 6:09:59 PM","System.Collections.Generic.SortedDictionary`2+KeyCollection[System.String,Microsoft.ActiveDirectory.Management.ADPropertyValueCollection]","System.Collections.Generic.HashSet`1[System.String]","System.Collections.Generic.HashSet`1[System.String]","System.Collections.Generic.HashSet`1[System.String]","89"
