"Name","State","Status","Started","StartMode","StartName","ProcessID","ProcessName","PathName","Caption","Description","DelayedAutoStart","AcceptPause","AcceptStop","PSComputerName","RunspaceId","PSShowComputerName"
"AdobeARMservice","Running","OK","True","Auto","LocalSystem","1520","armsvc","""C:\Program Files (x86)\Common Files\Adobe\ARM\1.0\armsvc.exe""","Adobe Acrobat Update Service","Adobe Acrobat Updater keeps your Adobe software up to date.",,"False","True","MEGATRON","7368b46c-47d4-4759-bea4-8800a5ec7225","True"
"ADWS","Running","OK","True","Auto","LocalSystem","1536","Microsoft.ActiveDirectory.WebServices","C:\Windows\ADWS\Microsoft.ActiveDirectory.WebServices.exe","Active Directory Web Services","This service provides a Web Service interface to instances of the directory service (AD DS and AD LDS) that are running locally on this server. If this service is stopped or disabled, client applications, such as Active Directory PowerShell, will not be able to access or manage any directory service instances that are running locally on this server.",,"False","True","MEGATRON","7368b46c-47d4-4759-bea4-8800a5ec7225","True"
"AeLookupSvc","Stopped","OK","False","Manual","localSystem","0","Idle","C:\Windows\system32\svchost.exe -k netsvcs","Application Experience","Processes application compatibility cache requests for applications as they are launched",,"False","False","MEGATRON","7368b46c-47d4-4759-bea4-8800a5ec7225","True"
"ALG","Stopped","OK","False","Manual","NT AUTHORITY\LocalService","0","Idle","C:\Windows\System32\alg.exe","Application Layer Gateway Service","Provides support for 3rd party protocol plug-ins for Internet Connection Sharing",,"False","False","MEGATRON","7368b46c-47d4-4759-bea4-8800a5ec7225","True"
"AppIDSvc","Running","OK","True","Auto","NT Authority\LocalService","900","svchost","C:\Windows\system32\svchost.exe -k LocalServiceNetworkRestricted","Application Identity","Determines and verifies the identity of an application. Disabling this service will prevent AppLocker from being enforced.",,"False","True","MEGATRON","7368b46c-47d4-4759-bea4-8800a5ec7225","True"
"Appinfo","Stopped","OK","False","Manual","LocalSystem","0","Idle","C:\Windows\system32\svchost.exe -k netsvcs","Application Information","Facilitates the running of interactive applications with additional administrative privileges.  If this service is stopped, users will be unable to launch applications with the additional administrative privileges they may require to perform desired user tasks.",,"False","False","MEGATRON","7368b46c-47d4-4759-bea4-8800a5ec7225","True"
"AppMgmt","Stopped","OK","False","Manual","LocalSystem","0","Idle","C:\Windows\system32\svchost.exe -k netsvcs","Application Management","Processes installation, removal, and enumeration requests for software deployed through Group Policy. If the service is disabled, users will be unable to install, remove, or enumerate software deployed through Group Policy. If this service is disabled, any services that explicitly depend on it will fail to start.",,"False","False","MEGATRON","7368b46c-47d4-4759-bea4-8800a5ec7225","True"
"AppReadiness","Stopped","OK","False","Manual","LocalSystem","0","Idle","C:\Windows\System32\svchost.exe -k AppReadiness","App Readiness","Gets apps ready for use the first time a user signs in to this PC and when adding new apps.",,"False","False","MEGATRON","7368b46c-47d4-4759-bea4-8800a5ec7225","True"
"AppXSvc","Stopped","OK","False","Manual","LocalSystem","0","Idle","C:\Windows\system32\svchost.exe -k wsappx","AppX Deployment Service (AppXSVC)","Provides infrastructure support for deploying Store applications. This service is started on demand and if disabled Store applications will not be deployed to the system, and may not function properly.",,"False","False","MEGATRON","7368b46c-47d4-4759-bea4-8800a5ec7225","True"
"AudioEndpointBuilder","Running","OK","True","Auto","LocalSystem","384","svchost","C:\Windows\System32\svchost.exe -k LocalSystemNetworkRestricted","Windows Audio Endpoint Builder","Manages audio devices for the Windows Audio service.  If this service is stopped, audio devices and effects will not function properly.  If this service is disabled, any services that explicitly depend on it will fail to start",,"False","True","MEGATRON","7368b46c-47d4-4759-bea4-8800a5ec7225","True"
"Audiosrv","Running","OK","True","Auto","NT AUTHORITY\LocalService","900","svchost","C:\Windows\System32\svchost.exe -k LocalServiceNetworkRestricted","Windows Audio","Manages audio for Windows-based programs.  If this service is stopped, audio devices and effects will not function properly.  If this service is disabled, any services that explicitly depend on it will fail to start",,"False","True","MEGATRON","7368b46c-47d4-4759-bea4-8800a5ec7225","True"
"BDESVC","Running","OK","True","Manual","localSystem","956","svchost","C:\Windows\System32\svchost.exe -k netsvcs","BitLocker Drive Encryption Service","BDESVC hosts the BitLocker Drive Encryption service. BitLocker Drive Encryption provides secure startup for the operating system, as well as full volume encryption for OS, fixed or removable volumes. This service allows BitLocker to prompt users for various actions related to their volumes when mounted, and unlocks volumes automatically without user interaction. Additionally, it stores recovery information to Active Directory, if available, and, if necessary, ensures the most recent recovery certificates are used.  Stopping or disabling the service would prevent users from leveraging this functionality.",,"False","True","MEGATRON","7368b46c-47d4-4759-bea4-8800a5ec7225","True"
"BFE","Running","OK","True","Auto","NT AUTHORITY\LocalService","1244","svchost","C:\Windows\system32\svchost.exe -k LocalServiceNoNetwork","Base Filtering Engine","The Base Filtering Engine (BFE) is a service that manages firewall and Internet Protocol security (IPsec) policies and implements user mode filtering. Stopping or disabling the BFE service will significantly reduce the security of the system. It will also result in unpredictable behavior in IPsec management and firewall applications.",,"False","True","MEGATRON","7368b46c-47d4-4759-bea4-8800a5ec7225","True"
"BITS","Running","OK","True","Auto","LocalSystem","956","svchost","C:\Windows\System32\svchost.exe -k netsvcs","Background Intelligent Transfer Service","Transfers files in the background using idle network bandwidth. If the service is disabled, then any applications that depend on BITS, such as Windows Update or MSN Explorer, will be unable to automatically download programs and other information.",,"False","True","MEGATRON","7368b46c-47d4-4759-bea4-8800a5ec7225","True"
"Bonjour Service","Running","OK","True","Auto","LocalSystem","1572","mDNSResponder","""C:\Program Files (x86)\Bonjour\mDNSResponder.exe""","Bonjour Service","Enables hardware devices and software services to automatically configure themselves on the network and advertise their presence.",,"False","True","MEGATRON","7368b46c-47d4-4759-bea4-8800a5ec7225","True"
"BrokerInfrastructure","Running","OK","True","Auto","LocalSystem","732","svchost","C:\Windows\system32\svchost.exe -k DcomLaunch","Background Tasks Infrastructure Service","Windows infrastructure service that controls which background tasks can run on the system.",,"False","False","MEGATRON","7368b46c-47d4-4759-bea4-8800a5ec7225","True"
"Browser","Stopped","OK","False","Disabled","LocalSystem","0","Idle","C:\Windows\System32\svchost.exe -k netsvcs","Computer Browser","Maintains an updated list of computers on the network and supplies this list to computers designated as browsers. If this service is stopped, this list will not be updated or maintained. If this service is disabled, any services that explicitly depend on it will fail to start.",,"False","False","MEGATRON","7368b46c-47d4-4759-bea4-8800a5ec7225","True"
"CertPropSvc","Running","OK","True","Auto","LocalSystem","956","svchost","C:\Windows\system32\svchost.exe -k netsvcs","Certificate Propagation","Copies user certificates and root certificates from smart cards into the current user's certificate store, detects when a smart card is inserted into a smart card reader, and, if needed, installs the smart card Plug and Play minidriver.",,"False","True","MEGATRON","7368b46c-47d4-4759-bea4-8800a5ec7225","True"
"COMSysApp","Stopped","OK","False","Manual","LocalSystem","0","Idle","C:\Windows\system32\dllhost.exe /Processid:{02D4B3F1-FD88-11D1-960D-00805FC79235}","COM+ System Application","Manages the configuration and tracking of Component Object Model (COM)+-based components. If the service is stopped, most COM+-based components will not function properly. If this service is disabled, any services that explicitly depend on it will fail to start.",,"False","False","MEGATRON","7368b46c-47d4-4759-bea4-8800a5ec7225","True"
"CryptSvc","Running","OK","True","Auto","NT Authority\NetworkService","928","svchost","C:\Windows\system32\svchost.exe -k NetworkService","Cryptographic Services","Provides three management services: Catalog Database Service, which confirms the signatures of Windows files and allows new programs to be installed; Protected Root Service, which adds and removes Trusted Root Certification Authority certificates from this computer; and Automatic Root Certificate Update Service, which retrieves root certificates from Windows Update and enable scenarios such as SSL. If this service is stopped, these management services will not function properly. If this service is disabled, any services that explicitly depend on it will fail to start.",,"False","True","MEGATRON","7368b46c-47d4-4759-bea4-8800a5ec7225","True"
"DcomLaunch","Running","OK","True","Auto","LocalSystem","732","svchost","C:\Windows\system32\svchost.exe -k DcomLaunch","DCOM Server Process Launcher","The DCOMLAUNCH service launches COM and DCOM servers in response to object activation requests. If this service is stopped or disabled, programs using COM or DCOM will not function properly. It is strongly recommended that you have the DCOMLAUNCH service running.",,"False","False","MEGATRON","7368b46c-47d4-4759-bea4-8800a5ec7225","True"
"ddpsvc","Stopped","OK","False","Manual","LocalSystem","0","Idle","C:\Windows\system32\svchost -k ddpsvc","Data Deduplication Service","The Data Deduplication service enables the deduplication and compression of data on selected volumes in order to optimize disk space used.  If this service is stopped, optimization will no longer occur but access to already optimized data will continue to function.",,"False","False","MEGATRON","7368b46c-47d4-4759-bea4-8800a5ec7225","True"
"ddpvssvc","Running","OK","True","Auto","LocalSystem","1596","svchost","C:\Windows\system32\svchost -k ddpvssvc","Data Deduplication Volume Shadow Copy Service","Data Deduplication VSS writer guided backup applications to back up volumes with deduplication.",,"False","True","MEGATRON","7368b46c-47d4-4759-bea4-8800a5ec7225","True"
"defragsvc","Stopped","OK","False","Manual","localSystem","0","Idle","C:\Windows\system32\svchost.exe -k defragsvc","Optimize drives","Helps the computer run more efficiently by optimizing files on storage drives.",,"False","False","MEGATRON","7368b46c-47d4-4759-bea4-8800a5ec7225","True"
"DeviceAssociationService","Stopped","OK","False","Manual","LocalSystem","0","Idle","C:\Windows\system32\svchost.exe -k LocalSystemNetworkRestricted","Device Association Service","Enables pairing between the system and wired or wireless devices.",,"False","False","MEGATRON","7368b46c-47d4-4759-bea4-8800a5ec7225","True"
"DeviceInstall","Stopped","OK","False","Manual","LocalSystem","0","Idle","C:\Windows\system32\svchost.exe -k DcomLaunch","Device Install Service","Enables a computer to recognize and adapt to hardware changes with little or no user input. Stopping or disabling this service will result in system instability.",,"False","False","MEGATRON","7368b46c-47d4-4759-bea4-8800a5ec7225","True"
"Dfs","Running","OK","True","Auto","LocalSystem","2604","dfssvc","C:\Windows\system32\dfssvc.exe","DFS Namespace","Enables you to group shared folders located on different servers into one or more logically structured namespaces. Each namespace appears to users as a single shared folder with a series of subfolders.",,"False","True","MEGATRON","7368b46c-47d4-4759-bea4-8800a5ec7225","True"
"DFSR","Running","OK","True","Auto","LocalSystem","1616","dfsrs","C:\Windows\system32\DFSRs.exe","DFS Replication","Enables you to synchronize folders on multiple servers across local or wide area network (WAN) network connections. This service uses the Remote Differential Compression (RDC) protocol to update only the portions of files that have changed since the last replication.",,"False","True","MEGATRON","7368b46c-47d4-4759-bea4-8800a5ec7225","True"
"Dhcp","Running","OK","True","Auto","NT Authority\LocalService","900","svchost","C:\Windows\system32\svchost.exe -k LocalServiceNetworkRestricted","DHCP Client","Registers and updates IP addresses and DNS records for this computer. If this service is stopped, this computer will not receive dynamic IP addresses and DNS updates. If this service is disabled, any services that explicitly depend on it will fail to start.",,"False","True","MEGATRON","7368b46c-47d4-4759-bea4-8800a5ec7225","True"
"DHCPServer","Running","OK","True","Auto","NT AUTHORITY\NetworkService","1652","svchost","C:\Windows\system32\svchost.exe -k DHCPServer","DHCP Server","Performs TCP/IP configuration for DHCP clients, including dynamic assignments of IP addresses, specification of the WINS and DNS servers, and connection-specific DNS names. If this service is stopped, the DHCP server will not perform TCP/IP configuration for clients. If this service is disabled, any services that explicitly depend on it will fail to start.",,"True","True","MEGATRON","7368b46c-47d4-4759-bea4-8800a5ec7225","True"
"DiagTrack","Running","OK","True","Auto","LocalSystem","1672","svchost","C:\Windows\System32\svchost.exe -k utcsvc","Diagnostics Tracking Service","The Diagnostics Tracking Service enables data collection about functional issues in Windows components.",,"False","True","MEGATRON","7368b46c-47d4-4759-bea4-8800a5ec7225","True"
"DNS","Running","OK","True","Auto","LocalSystem","1688","dns","C:\Windows\system32\dns.exe","DNS Server","Enables DNS clients to resolve DNS names by answering DNS queries and dynamic DNS update requests. If this service is stopped, DNS updates will not occur. If this service is disabled, any services that explicitly depend on it will fail to start.",,"True","True","MEGATRON","7368b46c-47d4-4759-bea4-8800a5ec7225","True"
"Dnscache","Running","OK","True","Auto","NT AUTHORITY\NetworkService","928","svchost","C:\Windows\system32\svchost.exe -k NetworkService","DNS Client","The DNS Client service (dnscache) caches Domain Name System (DNS) names and registers the full computer name for this computer. If the service is stopped, DNS names will continue to be resolved. However, the results of DNS name queries will not be cached and the computer's name will not be registered. If the service is disabled, any services that explicitly depend on it will fail to start.",,"False","True","MEGATRON","7368b46c-47d4-4759-bea4-8800a5ec7225","True"
"dot3svc","Stopped","OK","False","Manual","localSystem","0","Idle","C:\Windows\system32\svchost.exe -k LocalSystemNetworkRestricted","Wired AutoConfig","The Wired AutoConfig (DOT3SVC) service is responsible for performing IEEE 802.1X authentication on Ethernet interfaces. If your current wired network deployment enforces 802.1X authentication, the DOT3SVC service should be configured to run for establishing Layer 2 connectivity and/or providing access to network resources. Wired networks that do not enforce 802.1X authentication are unaffected by the DOT3SVC service.",,"False","False","MEGATRON","7368b46c-47d4-4759-bea4-8800a5ec7225","True"
"DPS","Running","OK","True","Auto","NT AUTHORITY\LocalService","1244","svchost","C:\Windows\System32\svchost.exe -k LocalServiceNoNetwork","Diagnostic Policy Service","The Diagnostic Policy Service enables problem detection, troubleshooting and resolution for Windows components.  If this service is stopped, diagnostics will no longer function.",,"False","True","MEGATRON","7368b46c-47d4-4759-bea4-8800a5ec7225","True"
"DsmSvc","Running","OK","True","Manual","LocalSystem","956","svchost","C:\Windows\system32\svchost.exe -k netsvcs","Device Setup Manager","Enables the detection, download and installation of device-related software. If this service is disabled, devices may be configured with outdated software, and may not work correctly.",,"False","True","MEGATRON","7368b46c-47d4-4759-bea4-8800a5ec7225","True"
"DsRoleSvc","Stopped","OK","False","Manual","LocalSystem","0","Idle","C:\Windows\System32\lsass.exe","DS Role Server","This service hosts the DS Role Server used for DC promotion, demotion, and cloning. If this service is disabled, these operations will fail.",,"False","False","MEGATRON","7368b46c-47d4-4759-bea4-8800a5ec7225","True"
"Eaphost","Stopped","OK","False","Manual","localSystem","0","Idle","C:\Windows\System32\svchost.exe -k netsvcs","Extensible Authentication Protocol","The Extensible Authentication Protocol (EAP) service provides network authentication in such scenarios as 802.1x wired and wireless, VPN, and Network Access Protection (NAP).  EAP also provides application programming interfaces (APIs) that are used by network access clients, including wireless and VPN clients, during the authentication process.  If you disable this service, this computer is prevented from accessing networks that require EAP authentication.",,"False","False","MEGATRON","7368b46c-47d4-4759-bea4-8800a5ec7225","True"
"EFS","Running","OK","True","Auto","LocalSystem","580","lsass","C:\Windows\System32\lsass.exe","Encrypting File System (EFS)","Provides the core file encryption technology used to store encrypted files on NTFS file system volumes. If this service is stopped or disabled, applications will be unable to access encrypted files.",,"False","False","MEGATRON","7368b46c-47d4-4759-bea4-8800a5ec7225","True"
"EventLog","Running","OK","True","Auto","NT AUTHORITY\LocalService","900","svchost","C:\Windows\System32\svchost.exe -k LocalServiceNetworkRestricted","Windows Event Log","This service manages events and event logs. It supports logging events, querying events, subscribing to events, archiving event logs, and managing event metadata. It can display events in both XML and plain text format. Stopping this service may compromise security and reliability of the system.",,"False","True","MEGATRON","7368b46c-47d4-4759-bea4-8800a5ec7225","True"
"EventSystem","Running","OK","True","Auto","NT AUTHORITY\LocalService","228","svchost","C:\Windows\system32\svchost.exe -k LocalService","COM+ Event System","Supports System Event Notification Service (SENS), which provides automatic distribution of events to subscribing Component Object Model (COM) components. If the service is stopped, SENS will close and will not be able to provide logon and logoff notifications. If this service is disabled, any services that explicitly depend on it will fail to start.",,"False","True","MEGATRON","7368b46c-47d4-4759-bea4-8800a5ec7225","True"
"fdPHost","Stopped","OK","False","Manual","NT AUTHORITY\LocalService","0","Idle","C:\Windows\system32\svchost.exe -k LocalService","Function Discovery Provider Host","The FDPHOST service hosts the Function Discovery (FD) network discovery providers. These FD providers supply network discovery services for the Simple Services Discovery Protocol (SSDP) and Web Services ? Discovery (WS-D) protocol. Stopping or disabling the FDPHOST service will disable network discovery for these protocols when using FD. When this service is unavailable, network services using FD and relying on these discovery protocols will be unable to find network devices or resources.",,"False","False","MEGATRON","7368b46c-47d4-4759-bea4-8800a5ec7225","True"
"FDResPub","Stopped","OK","False","Manual","NT AUTHORITY\LocalService","0","Idle","C:\Windows\system32\svchost.exe -k LocalServiceAndNoImpersonation","Function Discovery Resource Publication","Publishes this computer and resources attached to this computer so they can be discovered over the network.  If this service is stopped, network resources will no longer be published and they will not be discovered by other computers on the network.",,"False","False","MEGATRON","7368b46c-47d4-4759-bea4-8800a5ec7225","True"
"FontCache","Running","OK","True","Auto","NT AUTHORITY\LocalService","228","svchost","C:\Windows\system32\svchost.exe -k LocalService","Windows Font Cache Service","Optimizes performance of applications by caching commonly used font data. Applications will start this service if it is not already running. It can be disabled, though doing so will degrade application performance.",,"False","True","MEGATRON","7368b46c-47d4-4759-bea4-8800a5ec7225","True"
"fssagent","Stopped","OK","False","Manual","LocalSystem","0","Idle","C:\Windows\System32\svchost.exe -k fssagent","Microsoft File Server Shadow Copy Agent Service","Manages shadow copy of file shares taken by the VSS file server agent. If this service is stopped, file share shadow copies cannot be managed. If this service is disabled, any services that explicitly depend on it will fail to start.",,"False","False","MEGATRON","7368b46c-47d4-4759-bea4-8800a5ec7225","True"
"gpsvc","Running","OK","True","Auto","LocalSystem","956","svchost","C:\Windows\system32\svchost.exe -k netsvcs","Group Policy Client","The service is responsible for applying settings configured by administrators for the computer and users through the Group Policy component. If the service is disabled, the settings will not be applied and applications and components will not be manageable through Group Policy. Any components or applications that depend on the Group Policy component might not be functional if the service is disabled.",,"False","True","MEGATRON","7368b46c-47d4-4759-bea4-8800a5ec7225","True"
"gupdate","Stopped","OK","False","Auto","LocalSystem","0","Idle","""C:\Program Files (x86)\Google\Update\GoogleUpdate.exe"" /svc","Google Update Service (gupdate)","Keeps your Google software up to date. If this service is disabled or stopped, your Google software will not be kept up to date, meaning security vulnerabilities that may arise cannot be fixed and features may not work. This service uninstalls itself when there is no Google software using it.",,"False","False","MEGATRON","7368b46c-47d4-4759-bea4-8800a5ec7225","True"
"gupdatem","Stopped","OK","False","Manual","LocalSystem","0","Idle","""C:\Program Files (x86)\Google\Update\GoogleUpdate.exe"" /medsvc","Google Update Service (gupdatem)","Keeps your Google software up to date. If this service is disabled or stopped, your Google software will not be kept up to date, meaning security vulnerabilities that may arise cannot be fixed and features may not work. This service uninstalls itself when there is no Google software using it.",,"False","False","MEGATRON","7368b46c-47d4-4759-bea4-8800a5ec7225","True"
"hidserv","Running","OK","True","Manual","LocalSystem","384","svchost","C:\Windows\system32\svchost.exe -k LocalSystemNetworkRestricted","Human Interface Device Service","Activates and maintains the use of hot buttons on keyboards, remote controls, and other multimedia devices. It is recommended that you keep this service running.",,"False","True","MEGATRON","7368b46c-47d4-4759-bea4-8800a5ec7225","True"
"hkmsvc","Stopped","OK","False","Manual","localSystem","0","Idle","C:\Windows\System32\svchost.exe -k netsvcs","Health Key and Certificate Management","Provides X.509 certificate and key management services for the Network Access Protection Agent (NAPAgent). Enforcement technologies that use X.509 certificates may not function properly without this service",,"False","False","MEGATRON","7368b46c-47d4-4759-bea4-8800a5ec7225","True"
"IEEtwCollectorService","Stopped","OK","False","Manual","LocalSystem","0","Idle","C:\Windows\system32\IEEtwCollector.exe /V","Internet Explorer ETW Collector Service","ETW Collector Service for Internet Explorer. When running, this service collects real time ETW events and processes them.",,"False","False","MEGATRON","7368b46c-47d4-4759-bea4-8800a5ec7225","True"
"IKEEXT","Running","OK","True","Auto","LocalSystem","956","svchost","C:\Windows\system32\svchost.exe -k netsvcs","IKE and AuthIP IPsec Keying Modules","The IKEEXT service hosts the Internet Key Exchange (IKE) and Authenticated Internet Protocol (AuthIP) keying modules. These keying modules are used for authentication and key exchange in Internet Protocol security (IPsec). Stopping or disabling the IKEEXT service will disable IKE and AuthIP key exchange with peer computers. IPsec is typically configured to use IKE or AuthIP; therefore, stopping or disabling the IKEEXT service might result in an IPsec failure and might compromise the security of the system. It is strongly recommended that you have the IKEEXT service running.",,"False","True","MEGATRON","7368b46c-47d4-4759-bea4-8800a5ec7225","True"
"InstallerService","Stopped","OK","False","Auto","LocalSystem","0","Idle","""C:\Program Files\TrueKey\Mcafee.TrueKey.InstallerService.exe""","Service Installer TrueKey",,,"False","False","MEGATRON","7368b46c-47d4-4759-bea4-8800a5ec7225","True"
"iphlpsvc","Running","OK","True","Auto","LocalSystem","956","svchost","C:\Windows\System32\svchost.exe -k NetSvcs","IP Helper","Provides tunnel connectivity using IPv6 transition technologies (6to4, ISATAP, Port Proxy, and Teredo), and IP-HTTPS. If this service is stopped, the computer will not have the enhanced connectivity benefits that these technologies offer.",,"False","True","MEGATRON","7368b46c-47d4-4759-bea4-8800a5ec7225","True"
"IsmServ","Running","OK","True","Auto","LocalSystem","1724","ismserv","C:\Windows\System32\ismserv.exe","Intersite Messaging","Enables messages to be exchanged between computers running Windows Server sites. If this service is stopped, messages will not be exchanged, nor will site routing information be calculated for other services.  If this service is disabled, any services that explicitly depend on it will fail to start.",,"False","True","MEGATRON","7368b46c-47d4-4759-bea4-8800a5ec7225","True"
"Kdc","Running","OK","True","Auto","LocalSystem","580","lsass","C:\Windows\System32\lsass.exe","Kerberos Key Distribution Center","This service, running on domain controllers, enables users to log on to the network using the Kerberos authentication protocol. If this service is stopped, users will be unable to log on to the network. If this service is disabled, any services that explicitly depend on it will fail to start.",,"False","True","MEGATRON","7368b46c-47d4-4759-bea4-8800a5ec7225","True"
"KdsSvc","Stopped","OK","False","Manual","LocalSystem","0","Idle","C:\Windows\system32\lsass.exe","Microsoft Key Distribution Service","This service is used to protect data through the Group Data Protection API. It is also used to support a number of system features including BitLocker on clustered volumes, Managed Service Accounts, and secure DNS. If this service is stopped, those features will no longer work.",,"False","False","MEGATRON","7368b46c-47d4-4759-bea4-8800a5ec7225","True"
"KeyIso","Stopped","OK","False","Manual","LocalSystem","0","Idle","C:\Windows\system32\lsass.exe","CNG Key Isolation","The CNG key isolation service is hosted in the LSA process. The service provides key process isolation to private keys and associated cryptographic operations as required by the Common Criteria. The service stores and uses long-lived keys in a secure process complying with Common Criteria requirements.",,"False","False","MEGATRON","7368b46c-47d4-4759-bea4-8800a5ec7225","True"
"KPSSVC","Stopped","OK","False","Manual","NT AUTHORITY\NetworkService","0","Idle","C:\Windows\system32\svchost.exe -k KpsSvcGroup","KDC Proxy Server service (KPS)","KDC Proxy Server service runs on edge servers to proxy Kerberos protocol messages to domain controllers on the corporate network.",,"False","False","MEGATRON","7368b46c-47d4-4759-bea4-8800a5ec7225","True"
"KtmRm","Stopped","OK","False","Manual","NT AUTHORITY\NetworkService","0","Idle","C:\Windows\System32\svchost.exe -k NetworkServiceAndNoImpersonation","KtmRm for Distributed Transaction Coordinator","Coordinates transactions between the Distributed Transaction Coordinator (MSDTC) and the Kernel Transaction Manager (KTM). If it is not needed, it is recommended that this service remain stopped. If it is needed, both MSDTC and KTM will start this service automatically. If this service is disabled, any MSDTC transaction interacting with a Kernel Resource Manager will fail and any services that explicitly depend on it will fail to start.",,"False","False","MEGATRON","7368b46c-47d4-4759-bea4-8800a5ec7225","True"
"LanmanServer","Running","OK","True","Auto","LocalSystem","956","svchost","C:\Windows\system32\svchost.exe -k netsvcs","Server","Supports file, print, and named-pipe sharing over the network for this computer. If this service is stopped, these functions will be unavailable. If this service is disabled, any services that explicitly depend on it will fail to start.",,"False","True","MEGATRON","7368b46c-47d4-4759-bea4-8800a5ec7225","True"
"LanmanWorkstation","Running","OK","True","Auto","NT AUTHORITY\NetworkService","928","svchost","C:\Windows\System32\svchost.exe -k NetworkService","Workstation","Creates and maintains client network connections to remote servers using the SMB protocol. If this service is stopped, these connections will be unavailable. If this service is disabled, any services that explicitly depend on it will fail to start.",,"True","True","MEGATRON","7368b46c-47d4-4759-bea4-8800a5ec7225","True"
"lltdsvc","Stopped","OK","False","Manual","NT AUTHORITY\LocalService","0","Idle","C:\Windows\System32\svchost.exe -k LocalService","Link-Layer Topology Discovery Mapper","Creates a Network Map, consisting of PC and device topology (connectivity) information, and metadata describing each PC and device.  If this service is disabled, the Network Map will not function properly.",,"False","False","MEGATRON","7368b46c-47d4-4759-bea4-8800a5ec7225","True"
"lmhosts","Running","OK","True","Auto","NT AUTHORITY\LocalService","900","svchost","C:\Windows\system32\svchost.exe -k LocalServiceNetworkRestricted","TCP/IP NetBIOS Helper","Provides support for the NetBIOS over TCP/IP (NetBT) service and NetBIOS name resolution for clients on the network, therefore enabling users to share files, print, and log on to the network. If this service is stopped, these functions might be unavailable. If this service is disabled, any services that explicitly depend on it will fail to start.",,"False","True","MEGATRON","7368b46c-47d4-4759-bea4-8800a5ec7225","True"
"LSM","Running","OK","True","Auto","LocalSystem","732","svchost","C:\Windows\system32\svchost.exe -k DcomLaunch","Local Session Manager","Core Windows Service that manages local user sessions. Stopping or disabling this service will result in system instability.",,"False","False","MEGATRON","7368b46c-47d4-4759-bea4-8800a5ec7225","True"
"Microsoft Office Groove Audit Service","Stopped","OK","False","Manual","NT AUTHORITY\LocalService","0","Idle","""C:\Program Files (x86)\Microsoft Office\Office12\GrooveAuditService.exe""","Microsoft Office Groove Audit Service",,,"False","False","MEGATRON","7368b46c-47d4-4759-bea4-8800a5ec7225","True"
"MMCSS","Running","OK","True","Manual","LocalSystem","956","svchost","C:\Windows\system32\svchost.exe -k netsvcs","Multimedia Class Scheduler","Enables relative prioritization of work based on system-wide task priorities. This is intended mainly for multimedia applications.  If this service is stopped, individual tasks resort to their default priority.",,"False","True","MEGATRON","7368b46c-47d4-4759-bea4-8800a5ec7225","True"
"MpsSvc","Running","OK","True","Auto","NT Authority\LocalService","1244","svchost","C:\Windows\system32\svchost.exe -k LocalServiceNoNetwork","Windows Firewall","Windows Firewall helps protect your computer by preventing unauthorized users from gaining access to your computer through the Internet or a network.",,"False","True","MEGATRON","7368b46c-47d4-4759-bea4-8800a5ec7225","True"
"MSDTC","Running","OK","True","Auto","NT AUTHORITY\NetworkService","1052","msdtc","C:\Windows\System32\msdtc.exe","Distributed Transaction Coordinator","Coordinates transactions that span multiple resource managers, such as databases, message queues, and file systems. If this service is stopped, these transactions will fail. If this service is disabled, any services that explicitly depend on it will fail to start.",,"False","True","MEGATRON","7368b46c-47d4-4759-bea4-8800a5ec7225","True"
"MSiSCSI","Stopped","OK","False","Manual","LocalSystem","0","Idle","C:\Windows\system32\svchost.exe -k netsvcs","Microsoft iSCSI Initiator Service","Manages Internet SCSI (iSCSI) sessions from this computer to remote iSCSI target devices. If this service is stopped, this computer will not be able to login or access iSCSI targets. If this service is disabled, any services that explicitly depend on it will fail to start.",,"False","False","MEGATRON","7368b46c-47d4-4759-bea4-8800a5ec7225","True"
"msiserver","Stopped","OK","False","Manual","LocalSystem","0","Idle","C:\Windows\system32\msiexec.exe /V","Windows Installer","Adds, modifies, and removes applications provided as a Windows Installer (*.msi, *.msp) package. If this service is disabled, any services that explicitly depend on it will fail to start.",,"False","False","MEGATRON","7368b46c-47d4-4759-bea4-8800a5ec7225","True"
"MSSQL$MICROSOFT##WID","Stopped","OK","False","Manual","NT SERVICE\MSSQL$MICROSOFT##WID","0","Idle","C:\Windows\WID\Binn\sqlservr.exe -SMSWIN8.SQLWID -sMICROSOFT##WID","Windows Internal Database","Provides internal relational database services for use by Windows Server features and roles",,"False","False","MEGATRON","7368b46c-47d4-4759-bea4-8800a5ec7225","True"
"napagent","Stopped","OK","False","Manual","NT AUTHORITY\NetworkService","0","Idle","C:\Windows\System32\svchost.exe -k NetworkService","Network Access Protection Agent","The Network Access Protection (NAP) agent service collects and manages health information for client computers on a network. Information collected by NAP agent is used to make sure that the client computer has the required software and settings. If a client computer is not compliant with health policy, it can be provided with restricted network access until its configuration is updated. Depending on the configuration of health policy, client computers might be automatically updated so that users quickly regain full network access without having to manually update their computer.",,"False","False","MEGATRON","7368b46c-47d4-4759-bea4-8800a5ec7225","True"
"NcaSvc","Stopped","OK","False","Manual","LocalSystem","0","Idle","C:\Windows\System32\svchost.exe -k NetSvcs","Network Connectivity Assistant","Provides DirectAccess status notification for UI components",,"False","False","MEGATRON","7368b46c-47d4-4759-bea4-8800a5ec7225","True"
"Netlogon","Running","OK","True","Auto","LocalSystem","580","lsass","C:\Windows\system32\lsass.exe","Netlogon","Maintains a secure channel between this computer and the domain controller for authenticating users and services. If this service is stopped, the computer may not authenticate users and services and the domain controller cannot register DNS records. If this service is disabled, any services that explicitly depend on it will fail to start.",,"True","True","MEGATRON","7368b46c-47d4-4759-bea4-8800a5ec7225","True"
"Netman","Stopped","OK","False","Manual","LocalSystem","0","Idle","C:\Windows\System32\svchost.exe -k LocalSystemNetworkRestricted","Network Connections","Manages objects in the Network and Dial-Up Connections folder, in which you can view both local area network and remote connections.",,"False","False","MEGATRON","7368b46c-47d4-4759-bea4-8800a5ec7225","True"
"netprofm","Running","OK","True","Manual","NT AUTHORITY\LocalService","228","svchost","C:\Windows\System32\svchost.exe -k LocalService","Network List Service","Identifies the networks to which the computer has connected, collects and stores properties for these networks, and notifies applications when these properties change.",,"False","True","MEGATRON","7368b46c-47d4-4759-bea4-8800a5ec7225","True"
"NetTcpPortSharing","Stopped","OK","False","Disabled","NT AUTHORITY\LocalService","0","Idle","C:\Windows\Microsoft.NET\Framework64\v4.0.30319\SMSvcHost.exe","Net.Tcp Port Sharing Service","Provides ability to share TCP ports over the net.tcp protocol.",,"False","False","MEGATRON","7368b46c-47d4-4759-bea4-8800a5ec7225","True"
"NfsService","Running","OK","True","Auto","NT AUTHORITY\NetworkService","1372","nfssvc","C:\Windows\system32\nfssvc.exe","Server for NFS","Enables a Windows based computer to act as an NFS Server",,"False","True","MEGATRON","7368b46c-47d4-4759-bea4-8800a5ec7225","True"
"NlaSvc","Running","OK","True","Auto","NT AUTHORITY\NetworkService","928","svchost","C:\Windows\System32\svchost.exe -k NetworkService","Network Location Awareness","Collects and stores configuration information for the network and notifies programs when this information is modified. If this service is stopped, configuration information might be unavailable. If this service is disabled, any services that explicitly depend on it will fail to start.",,"False","True","MEGATRON","7368b46c-47d4-4759-bea4-8800a5ec7225","True"
"nsi","Running","OK","True","Auto","NT Authority\LocalService","228","svchost","C:\Windows\system32\svchost.exe -k LocalService","Network Store Interface Service","This service delivers network notifications (e.g. interface addition/deleting etc) to user mode clients. Stopping this service will cause loss of network connectivity. If this service is disabled, any other services that explicitly depend on this service will fail to start.",,"False","True","MEGATRON","7368b46c-47d4-4759-bea4-8800a5ec7225","True"
"NTDS","Running","OK","True","Auto","LocalSystem","580","lsass","C:\Windows\System32\lsass.exe","Active Directory Domain Services","AD DS Domain Controller service. If this service is stopped, users will be unable to log on to the network. If this service is disabled, any services that explicitly depend on it will fail to start.",,"False","True","MEGATRON","7368b46c-47d4-4759-bea4-8800a5ec7225","True"
"NtFrs","Stopped","OK","False","Disabled","LocalSystem","0","Idle","C:\Windows\system32\ntfrs.exe","File Replication","Synchronizes folders with file servers that use File Replication Service (FRS) instead of the newer DFS Replication technology.",,"False","False","MEGATRON","7368b46c-47d4-4759-bea4-8800a5ec7225","True"
"odserv","Stopped","OK","False","Manual","LocalSystem","0","Idle","""C:\Program Files (x86)\Common Files\Microsoft Shared\OFFICE12\ODSERV.EXE""","Microsoft Office Diagnostics Service","Run portions of Microsoft Office Diagnostics.",,"False","False","MEGATRON","7368b46c-47d4-4759-bea4-8800a5ec7225","True"
"ose","Stopped","OK","False","Manual","LocalSystem","0","Idle","""C:\Program Files (x86)\Common Files\Microsoft Shared\Source Engine\OSE.EXE""","Office Source Engine","Saves installation files used for updates and repairs and is required for the downloading of Setup updates and Watson error reports.",,"False","False","MEGATRON","7368b46c-47d4-4759-bea4-8800a5ec7225","True"
"PerfHost","Stopped","OK","False","Manual","NT AUTHORITY\LocalService","0","Idle","C:\Windows\SysWow64\perfhost.exe","Performance Counter DLL Host","Enables remote users and 64-bit processes to query performance counters provided by 32-bit DLLs. If this service is stopped, only local users and 32-bit processes will be able to query performance counters provided by 32-bit DLLs.",,"False","False","MEGATRON","7368b46c-47d4-4759-bea4-8800a5ec7225","True"
"pla","Running","OK","True","Manual","NT AUTHORITY\LocalService","1244","svchost","C:\Windows\System32\svchost.exe -k LocalServiceNoNetwork","Performance Logs & Alerts","Performance Logs and Alerts Collects performance data from local or remote computers based on preconfigured schedule parameters, then writes the data to a log or triggers an alert. If this service is stopped, performance information will not be collected. If this service is disabled, any services that explicitly depend on it will fail to start.",,"False","True","MEGATRON","7368b46c-47d4-4759-bea4-8800a5ec7225","True"
"PlugPlay","Running","OK","True","Manual","LocalSystem","732","svchost","C:\Windows\system32\svchost.exe -k DcomLaunch","Plug and Play","Enables a computer to recognize and adapt to hardware changes with little or no user input. Stopping or disabling this service will result in system instability.",,"False","True","MEGATRON","7368b46c-47d4-4759-bea4-8800a5ec7225","True"
"PolicyAgent","Running","OK","True","Manual","NT Authority\NetworkService","3180","svchost","C:\Windows\system32\svchost.exe -k NetworkServiceNetworkRestricted","IPsec Policy Agent","Internet Protocol security (IPsec) supports network-level peer authentication, data origin authentication, data integrity, data confidentiality (encryption), and replay protection.  This service enforces IPsec policies created through the IP Security Policies snap-in or the command-line tool ""netsh ipsec"".  If you stop this service, you may experience network connectivity issues if your policy requires that connections use IPsec.  Also,remote management of Windows Firewall is not available when this service is stopped.",,"False","True","MEGATRON","7368b46c-47d4-4759-bea4-8800a5ec7225","True"
"Power","Running","OK","True","Auto","LocalSystem","732","svchost","C:\Windows\system32\svchost.exe -k DcomLaunch","Power","Manages power policy and power policy notification delivery.",,"False","False","MEGATRON","7368b46c-47d4-4759-bea4-8800a5ec7225","True"
"PrintNotify","Stopped","OK","False","Manual","LocalSystem","0","Idle","C:\Windows\system32\svchost.exe -k print","Printer Extensions and Notifications","This service opens custom printer dialog boxes and handles notifications from a remote print server or a printer. If you turn off this service, you won?t be able to see printer extensions or notifications.",,"False","False","MEGATRON","7368b46c-47d4-4759-bea4-8800a5ec7225","True"
"ProfSvc","Running","OK","True","Auto","LocalSystem","956","svchost","C:\Windows\system32\svchost.exe -k netsvcs","User Profile Service","This service is responsible for loading and unloading user profiles. If this service is stopped or disabled, users will no longer be able to successfully sign in or sign out, apps might have problems getting to users' data, and components registered to receive profile event notifications won't receive them.",,"False","True","MEGATRON","7368b46c-47d4-4759-bea4-8800a5ec7225","True"
"RasAuto","Stopped","OK","False","Manual","localSystem","0","Idle","C:\Windows\System32\svchost.exe -k netsvcs","Remote Access Auto Connection Manager","Creates a connection to a remote network whenever a program references a remote DNS or NetBIOS name or address.",,"False","False","MEGATRON","7368b46c-47d4-4759-bea4-8800a5ec7225","True"
"RasMan","Stopped","OK","False","Manual","localSystem","0","Idle","C:\Windows\System32\svchost.exe -k netsvcs","Remote Access Connection Manager","Manages dial-up and virtual private network (VPN) connections from this computer to the Internet or other remote networks. If this service is disabled, any services that explicitly depend on it will fail to start.",,"False","False","MEGATRON","7368b46c-47d4-4759-bea4-8800a5ec7225","True"
"RemoteAccess","Stopped","OK","False","Disabled","localSystem","0","Idle","C:\Windows\System32\svchost.exe -k netsvcs","Routing and Remote Access","Offers routing services to businesses in local area and wide area network environments.",,"False","False","MEGATRON","7368b46c-47d4-4759-bea4-8800a5ec7225","True"
"RemoteRegistry","Stopped","OK","False","Auto","NT AUTHORITY\LocalService","0","Idle","C:\Windows\system32\svchost.exe -k localService","Remote Registry","Enables remote users to modify registry settings on this computer. If this service is stopped, the registry can be modified only by users on this computer. If this service is disabled, any services that explicitly depend on it will fail to start.",,"False","False","MEGATRON","7368b46c-47d4-4759-bea4-8800a5ec7225","True"
"rpcapd","Stopped","OK","False","Manual","LocalSystem","0","Idle","""C:\Program Files (x86)\WinPcap\rpcapd.exe"" -d -f ""C:\Program Files (x86)\WinPcap\rpcapd.ini""","Remote Packet Capture Protocol v.0 (experimental)","Allows to capture traffic on this machine from a remote machine.",,"False","False","MEGATRON","7368b46c-47d4-4759-bea4-8800a5ec7225","True"
"RpcEptMapper","Running","OK","True","Auto","NT AUTHORITY\NetworkService","776","svchost","C:\Windows\system32\svchost.exe -k RPCSS","RPC Endpoint Mapper","Resolves RPC interfaces identifiers to transport endpoints. If this service is stopped or disabled, programs using Remote Procedure Call (RPC) services will not function properly.",,"False","False","MEGATRON","7368b46c-47d4-4759-bea4-8800a5ec7225","True"
"RpcLocator","Stopped","OK","False","Manual","NT AUTHORITY\NetworkService","0","Idle","C:\Windows\system32\locator.exe","Remote Procedure Call (RPC) Locator","In Windows 2003 and earlier versions of Windows, the Remote Procedure Call (RPC) Locator service manages the RPC name service database. In Windows Vista and later versions of Windows, this service does not provide any functionality and is present for application compatibility.",,"False","False","MEGATRON","7368b46c-47d4-4759-bea4-8800a5ec7225","True"
"RpcSs","Running","OK","True","Auto","NT AUTHORITY\NetworkService","776","svchost","C:\Windows\system32\svchost.exe -k rpcss","Remote Procedure Call (RPC)","The RPCSS service is the Service Control Manager for COM and DCOM servers. It performs object activations requests, object exporter resolutions and distributed garbage collection for COM and DCOM servers. If this service is stopped or disabled, programs using COM or DCOM will not function properly. It is strongly recommended that you have the RPCSS service running.",,"False","False","MEGATRON","7368b46c-47d4-4759-bea4-8800a5ec7225","True"
"RSoPProv","Stopped","OK","False","Manual","LocalSystem","0","Idle","C:\Windows\system32\RSoPProv.exe","Resultant Set of Policy Provider","Provides a network service that processes requests to simulate application of Group Policy settings for a target user or computer in various situations and computes the Resultant Set of Policy settings.",,"False","False","MEGATRON","7368b46c-47d4-4759-bea4-8800a5ec7225","True"
"sacsvr","Stopped","OK","False","Manual","LocalSystem","0","Idle","C:\Windows\System32\svchost.exe -k netsvcs","Special Administration Console Helper","Allows administrators to remotely access a command prompt using Emergency Management Services.",,"False","False","MEGATRON","7368b46c-47d4-4759-bea4-8800a5ec7225","True"
"SamSs","Running","OK","True","Auto","LocalSystem","580","lsass","C:\Windows\system32\lsass.exe","Security Accounts Manager","The startup of this service signals other services that the Security Accounts Manager (SAM) is ready to accept requests.  Disabling this service will prevent other services in the system from being notified when the SAM is ready, which may in turn cause those services to fail to start correctly. This service should not be disabled.",,"False","False","MEGATRON","7368b46c-47d4-4759-bea4-8800a5ec7225","True"
"SCardSvr","Stopped","OK","False","Auto","NT AUTHORITY\LocalService","0","Idle","C:\Windows\system32\svchost.exe -k LocalServiceAndNoImpersonation","Smart Card","Manages access to smart cards read by this computer. If this service is stopped, this computer will be unable to read smart cards. If this service is disabled, any services that explicitly depend on it will fail to start.",,"False","False","MEGATRON","7368b46c-47d4-4759-bea4-8800a5ec7225","True"
"ScDeviceEnum","Stopped","OK","False","Manual","LocalSystem","0","Idle","C:\Windows\system32\svchost.exe -k LocalSystemNetworkRestricted","Smart Card Device Enumeration Service","Creates software device nodes for all smart card readers accessible to a given session. If this service is disabled, WinRT APIs will not be able to enumerate smart card readers.",,"False","False","MEGATRON","7368b46c-47d4-4759-bea4-8800a5ec7225","True"
"Schedule","Running","OK","True","Auto","LocalSystem","956","svchost","C:\Windows\system32\svchost.exe -k netsvcs","Task Scheduler","Enables a user to configure and schedule automated tasks on this computer. The service also hosts multiple Windows system-critical tasks. If this service is stopped or disabled, these tasks will not be run at their scheduled times. If this service is disabled, any services that explicitly depend on it will fail to start.",,"False","True","MEGATRON","7368b46c-47d4-4759-bea4-8800a5ec7225","True"
"SCPolicySvc","Stopped","OK","False","Manual","LocalSystem","0","Idle","C:\Windows\system32\svchost.exe -k netsvcs","Smart Card Removal Policy","Allows the system to be configured to lock the user desktop upon smart card removal.",,"False","False","MEGATRON","7368b46c-47d4-4759-bea4-8800a5ec7225","True"
"seclogon","Stopped","OK","False","Manual","LocalSystem","0","Idle","C:\Windows\system32\svchost.exe -k netsvcs","Secondary Logon","Enables starting processes under alternate credentials. If this service is stopped, this type of logon access will be unavailable. If this service is disabled, any services that explicitly depend on it will fail to start.",,"False","False","MEGATRON","7368b46c-47d4-4759-bea4-8800a5ec7225","True"
"SENS","Running","OK","True","Auto","LocalSystem","956","svchost","C:\Windows\system32\svchost.exe -k netsvcs","System Event Notification Service","Monitors system events and notifies subscribers to COM+ Event System of these events.",,"False","True","MEGATRON","7368b46c-47d4-4759-bea4-8800a5ec7225","True"
"SessionEnv","Running","OK","True","Manual","localSystem","956","svchost","C:\Windows\System32\svchost.exe -k netsvcs","Remote Desktop Configuration","Remote Desktop Configuration service (RDCS) is responsible for all Remote Desktop Services and Remote Desktop related configuration and session maintenance activities that require SYSTEM context. These include per-session temporary folders, RD themes, and RD certificates.",,"False","True","MEGATRON","7368b46c-47d4-4759-bea4-8800a5ec7225","True"
"SharedAccess","Stopped","OK","False","Disabled","LocalSystem","0","Idle","C:\Windows\System32\svchost.exe -k netsvcs","Internet Connection Sharing (ICS)","Provides network address translation, addressing, name resolution and/or intrusion prevention services for a home or small office network.",,"False","False","MEGATRON","7368b46c-47d4-4759-bea4-8800a5ec7225","True"
"ShellHWDetection","Stopped","OK","False","Auto","LocalSystem","0","Idle","C:\Windows\System32\svchost.exe -k netsvcs","Shell Hardware Detection","Provides notifications for AutoPlay hardware events.",,"False","False","MEGATRON","7368b46c-47d4-4759-bea4-8800a5ec7225","True"
"smphost","Stopped","OK","False","Manual","NT AUTHORITY\NetworkService","0","Idle","C:\Windows\System32\svchost.exe -k smphost","Microsoft Storage Spaces SMP","Host service for the Microsoft Storage Spaces management provider. If this service is stopped or disabled, Storage Spaces cannot be managed.",,"False","False","MEGATRON","7368b46c-47d4-4759-bea4-8800a5ec7225","True"
"SNMPTRAP","Stopped","OK","False","Manual","NT AUTHORITY\LocalService","0","Idle","C:\Windows\System32\snmptrap.exe","SNMP Trap","Receives trap messages generated by local or remote Simple Network Management Protocol (SNMP) agents and forwards the messages to SNMP management programs running on this computer. If this service is stopped, SNMP-based programs on this computer will not receive SNMP trap messages. If this service is disabled, any services that explicitly depend on it will fail to start.",,"False","False","MEGATRON","7368b46c-47d4-4759-bea4-8800a5ec7225","True"
"Spooler","Running","OK","True","Auto","LocalSystem","1492","spoolsv","C:\Windows\System32\spoolsv.exe","Print Spooler","This service spools print jobs and handles interaction with the printer.  If you turn off this service, you won?t be able to print or see your printers.",,"False","True","MEGATRON","7368b46c-47d4-4759-bea4-8800a5ec7225","True"
"sppsvc","Stopped","OK","False","Auto","NT AUTHORITY\NetworkService","0","Idle","C:\Windows\system32\sppsvc.exe","Software Protection","Enables the download, installation and enforcement of digital licenses for Windows and Windows applications. If the service is disabled, the operating system and licensed applications may run in a notification mode. It is strongly recommended that you not disable the Software Protection service.",,"False","False","MEGATRON","7368b46c-47d4-4759-bea4-8800a5ec7225","True"
"SrmReports","Stopped","OK","False","Manual","LocalSystem","0","Idle","C:\Windows\system32\srmhost.exe","File Server Storage Reports Manager","The File Server Storage Reports Manager service implements the runtime functionality to run file server storage reports, file management tasks, and file classification. The service is started whenever one of these tasks is scheduled to start, and is shut down after the report or task is complete.",,"False","False","MEGATRON","7368b46c-47d4-4759-bea4-8800a5ec7225","True"
"SrmSvc","Running","OK","True","Auto","LocalSystem","1900","svchost","C:\Windows\system32\svchost.exe -k srmsvcs","File Server Resource Manager","Implements the File Server Resource Manager protocol for management of storage resources. It controls the management of quotas, file screens, storage reports, file management tasks, and file classification. The File Server Resource Manager service provides access to these capabilities through scriptable COM providers. When the File Server Resource Manager service is not running, quotas, file screens, storage reports, file management tasks and classification will not be active or enforced.",,"False","True","MEGATRON","7368b46c-47d4-4759-bea4-8800a5ec7225","True"
"SSDPSRV","Stopped","OK","False","Disabled","NT AUTHORITY\LocalService","0","Idle","C:\Windows\system32\svchost.exe -k LocalServiceAndNoImpersonation","SSDP Discovery","Discovers networked devices and services that use the SSDP discovery protocol, such as UPnP devices. Also announces SSDP devices and services running on the local computer. If this service is stopped, SSDP-based devices will not be discovered. If this service is disabled, any services that explicitly depend on it will fail to start.",,"False","False","MEGATRON","7368b46c-47d4-4759-bea4-8800a5ec7225","True"
"SstpSvc","Stopped","OK","False","Manual","NT Authority\LocalService","0","Idle","C:\Windows\system32\svchost.exe -k LocalService","Secure Socket Tunneling Protocol Service","Provides support for the Secure Socket Tunneling Protocol (SSTP) to connect to remote computers using VPN. If this service is disabled, users will not be able to use SSTP to access remote servers.",,"False","False","MEGATRON","7368b46c-47d4-4759-bea4-8800a5ec7225","True"
"StorSvc","Stopped","OK","False","Manual","LocalSystem","0","Idle","C:\Windows\System32\svchost.exe -k LocalSystemNetworkRestricted","Storage Service","Enforces group policy for storage devices",,"False","False","MEGATRON","7368b46c-47d4-4759-bea4-8800a5ec7225","True"
"svsvc","Stopped","OK","False","Manual","LocalSystem","0","Idle","C:\Windows\system32\svchost.exe -k LocalSystemNetworkRestricted","Spot Verifier","Verifies potential file system corruptions.",,"False","False","MEGATRON","7368b46c-47d4-4759-bea4-8800a5ec7225","True"
"swprv","Stopped","OK","False","Manual","LocalSystem","0","Idle","C:\Windows\System32\svchost.exe -k swprv","Microsoft Software Shadow Copy Provider","Manages software-based volume shadow copies taken by the Volume Shadow Copy service. If this service is stopped, software-based volume shadow copies cannot be managed. If this service is disabled, any services that explicitly depend on it will fail to start.",,"False","False","MEGATRON","7368b46c-47d4-4759-bea4-8800a5ec7225","True"
"SyncShareSvc","Running","OK","True","Auto","NT AUTHORITY\LocalService","1944","svchost","C:\Windows\System32\svchost.exe -k SyncShareSvcs","Windows Sync Share","The Windows Sync Share service enables client devices to sync files from a file server.",,"False","True","MEGATRON","7368b46c-47d4-4759-bea4-8800a5ec7225","True"
"SyncShareTTSvc","Running","OK","True","Manual","LocalSystem","3096","SyncShareTTSvc","C:\Windows\System32\SyncShareTTSvc.exe","Sync Share Token Translation Service","Sync Share Token Translation Service converts AD FS tokens to NT tokens.",,"False","True","MEGATRON","7368b46c-47d4-4759-bea4-8800a5ec7225","True"
"Synergy","Running","OK","True","Auto","LocalSystem","1964","synergyd","""C:\Program Files\Synergy\synergyd.exe""","Synergy","Controls the Synergy foreground processes.",,"True","True","MEGATRON","7368b46c-47d4-4759-bea4-8800a5ec7225","True"
"SysMain","Stopped","OK","False","Manual","LocalSystem","0","Idle","C:\Windows\system32\svchost.exe -k LocalSystemNetworkRestricted","Superfetch","Maintains and improves system performance over time.",,"False","False","MEGATRON","7368b46c-47d4-4759-bea4-8800a5ec7225","True"
"Sysmon","Running","OK","True","Auto","LocalSystem","2008","Sysmon","C:\Windows\Sysmon.exe","Sysmon","System Monitor service",,"False","True","MEGATRON","7368b46c-47d4-4759-bea4-8800a5ec7225","True"
"SystemEventsBroker","Running","OK","True","Auto","LocalSystem","732","svchost","C:\Windows\system32\svchost.exe -k DcomLaunch","System Events Broker","Coordinates execution of background work for WinRT application. If this service is stopped or disabled, then background work might not be triggered.",,"False","True","MEGATRON","7368b46c-47d4-4759-bea4-8800a5ec7225","True"
"TapiSrv","Stopped","OK","False","Manual","NT AUTHORITY\NetworkService","0","Idle","C:\Windows\System32\svchost.exe -k tapisrv","Telephony","Provides Telephony API (TAPI) support for programs that control telephony devices on the local computer and, through the LAN, on servers that are also running the service.",,"False","False","MEGATRON","7368b46c-47d4-4759-bea4-8800a5ec7225","True"
"TermService","Running","OK","True","Manual","NT Authority\NetworkService","3120","svchost","C:\Windows\System32\svchost.exe -k termsvcs","Remote Desktop Services","Allows users to connect interactively to a remote computer. Remote Desktop and Remote Desktop Session Host Server depend on this service.  To prevent remote use of this computer, clear the checkboxes on the Remote tab of the System properties control panel item.",,"False","True","MEGATRON","7368b46c-47d4-4759-bea4-8800a5ec7225","True"
"Themes","Running","OK","True","Auto","LocalSystem","956","svchost","C:\Windows\System32\svchost.exe -k netsvcs","Themes","Provides user experience theme management.",,"False","True","MEGATRON","7368b46c-47d4-4759-bea4-8800a5ec7225","True"
"THREADORDER","Stopped","OK","False","Manual","NT AUTHORITY\LocalService","0","Idle","C:\Windows\system32\svchost.exe -k LocalService","Thread Ordering Server","Provides ordered execution for a group of threads within a specific period of time.",,"False","False","MEGATRON","7368b46c-47d4-4759-bea4-8800a5ec7225","True"
"TieringEngineService","Stopped","OK","False","Manual","localSystem","0","Idle","C:\Windows\system32\TieringEngineService.exe","Storage Tiers Management","Optimizes the placement of data in storage tiers on all tiered storage spaces in the system.",,"False","False","MEGATRON","7368b46c-47d4-4759-bea4-8800a5ec7225","True"
"TrkWks","Stopped","OK","False","Manual","LocalSystem","0","Idle","C:\Windows\System32\svchost.exe -k LocalSystemNetworkRestricted","Distributed Link Tracking Client","Maintains links between NTFS files within a computer or across computers in a network.",,"False","False","MEGATRON","7368b46c-47d4-4759-bea4-8800a5ec7225","True"
"TrueKey","Stopped","OK","False","Auto","LocalSystem","0","Idle","""C:\Program Files\TrueKey\McAfee.TrueKey.Service.exe""","Intel Security True Key",,,"False","False","MEGATRON","7368b46c-47d4-4759-bea4-8800a5ec7225","True"
"TrueKeyScheduler","Stopped","OK","False","Auto","LocalSystem","0","Idle","""C:\Program Files\TrueKey\McTkSchedulerService.exe""","Intel Security True Key Scheduler","Intel Security True Key Scheduler Service",,"False","False","MEGATRON","7368b46c-47d4-4759-bea4-8800a5ec7225","True"
"TrueKeyServiceHelper","Stopped","OK","False","Manual","LocalSystem","0","Idle","""C:\Program Files\TrueKey\McAfee.TrueKey.ServiceHelper.Exe""","Intel Security True Key Helper Service","Intel Security True Key Helper Service",,"False","False","MEGATRON","7368b46c-47d4-4759-bea4-8800a5ec7225","True"
"TrustedInstaller","Stopped","OK","False","Manual","localSystem","0","Idle","C:\Windows\servicing\TrustedInstaller.exe","Windows Modules Installer","Enables installation, modification, and removal of Windows updates and optional components. If this service is disabled, install or uninstall of Windows updates might fail for this computer.",,"False","False","MEGATRON","7368b46c-47d4-4759-bea4-8800a5ec7225","True"
"UALSVC","Running","OK","True","Auto","LocalSystem","384","svchost","C:\Windows\system32\svchost.exe -k LocalSystemNetworkRestricted","User Access Logging Service","This service logs unique client access requests, in the form of IP addresses and user names, of installed products and roles on the local server. This information can be queried, via Powershell, by administrators needing to quantify client demand of server software for offline Client Access License (CAL) management. If the service is disabled, client requests will not be logged and will not be retrievable via Powershell queries. Stopping the service will not affect query of historical data (see supporting documentation for steps to delete historical data). The local system administrator must consult his, or her, Windows Server license terms to determine the number of CALs that are required for the server software to be appropriately licensed; use of the UAL service and data does not alter this obligation.",,"False","True","MEGATRON","7368b46c-47d4-4759-bea4-8800a5ec7225","True"
"UI0Detect","Stopped","OK","False","Manual","LocalSystem","0","Idle","C:\Windows\system32\UI0Detect.exe","Interactive Services Detection","Enables user notification of user input for interactive services, which enables access to dialogs created by interactive services when they appear. If this service is stopped, notifications of new interactive service dialogs will no longer function and there might not be access to interactive service dialogs. If this service is disabled, both notifications of and access to new interactive service dialogs will no longer function.",,"False","False","MEGATRON","7368b46c-47d4-4759-bea4-8800a5ec7225","True"
"UmRdpService","Running","OK","True","Manual","localSystem","384","svchost","C:\Windows\System32\svchost.exe -k LocalSystemNetworkRestricted","Remote Desktop Services UserMode Port Redirector","Allows the redirection of Printers/Drives/Ports for RDP connections",,"False","True","MEGATRON","7368b46c-47d4-4759-bea4-8800a5ec7225","True"
"upnphost","Stopped","OK","False","Disabled","NT AUTHORITY\LocalService","0","Idle","C:\Windows\system32\svchost.exe -k LocalServiceAndNoImpersonation","UPnP Device Host","Allows UPnP devices to be hosted on this computer. If this service is stopped, any hosted UPnP devices will stop functioning and no additional hosted devices can be added. If this service is disabled, any services that explicitly depend on it will fail to start.",,"False","False","MEGATRON","7368b46c-47d4-4759-bea4-8800a5ec7225","True"
"VaultSvc","Stopped","OK","False","Manual","LocalSystem","0","Idle","C:\Windows\system32\lsass.exe","Credential Manager","Provides secure storage and retrieval of credentials to users, applications and security service packages.",,"False","False","MEGATRON","7368b46c-47d4-4759-bea4-8800a5ec7225","True"
"vds","Running","OK","True","Manual","LocalSystem","276","vds","C:\Windows\System32\vds.exe","Virtual Disk","Provides management services for disks, volumes, file systems, and storage arrays.",,"False","True","MEGATRON","7368b46c-47d4-4759-bea4-8800a5ec7225","True"
"vmicguestinterface","Stopped","OK","False","Manual","LocalSystem","0","Idle","C:\Windows\system32\svchost.exe -k LocalSystemNetworkRestricted","Hyper-V Guest Service Interface","Provides an interface for the Hyper-V host to interact with specific services running inside the virtual machine.",,"False","False","MEGATRON","7368b46c-47d4-4759-bea4-8800a5ec7225","True"
"vmicheartbeat","Stopped","OK","False","Manual","LocalSystem","0","Idle","C:\Windows\system32\svchost.exe -k ICService","Hyper-V Heartbeat Service","Monitors the state of this virtual machine by reporting a heartbeat at regular intervals. This service helps you identify running virtual machines that have stopped responding.",,"False","False","MEGATRON","7368b46c-47d4-4759-bea4-8800a5ec7225","True"
"vmickvpexchange","Stopped","OK","False","Manual","LocalSystem","0","Idle","C:\Windows\system32\svchost.exe -k LocalSystemNetworkRestricted","Hyper-V Data Exchange Service","Provides a mechanism to exchange data between the virtual machine and the operating system running on the physical computer.",,"False","False","MEGATRON","7368b46c-47d4-4759-bea4-8800a5ec7225","True"
"vmicrdv","Stopped","OK","False","Manual","LocalSystem","0","Idle","C:\Windows\system32\svchost.exe -k ICService","Hyper-V Remote Desktop Virtualization Service","Provides a platform for communication between the virtual machine and the operating system running on the physical computer.",,"False","False","MEGATRON","7368b46c-47d4-4759-bea4-8800a5ec7225","True"
"vmicshutdown","Stopped","OK","False","Manual","LocalSystem","0","Idle","C:\Windows\system32\svchost.exe -k LocalSystemNetworkRestricted","Hyper-V Guest Shutdown Service","Provides a mechanism to shut down the operating system of this virtual machine from the management interfaces on the physical computer.",,"False","False","MEGATRON","7368b46c-47d4-4759-bea4-8800a5ec7225","True"
"vmictimesync","Stopped","OK","False","Manual","NT AUTHORITY\LocalService","0","Idle","C:\Windows\system32\svchost.exe -k LocalServiceNetworkRestricted","Hyper-V Time Synchronization Service","Synchronizes the system time of this virtual machine with the system time of the physical computer.",,"False","False","MEGATRON","7368b46c-47d4-4759-bea4-8800a5ec7225","True"
"vmicvss","Stopped","OK","False","Manual","LocalSystem","0","Idle","C:\Windows\system32\svchost.exe -k LocalSystemNetworkRestricted","Hyper-V Volume Shadow Copy Requestor","Coordinates the communications that are required to use Volume Shadow Copy Service to back up applications and data on this virtual machine from the operating system on the physical computer.",,"False","False","MEGATRON","7368b46c-47d4-4759-bea4-8800a5ec7225","True"
"vmms","Running","OK","True","Auto","LocalSystem","2684","vmms","C:\Windows\system32\vmms.exe","Hyper-V Virtual Machine Management","Management service for Hyper-V, provides service to run multiple virtual machines.",,"False","True","MEGATRON","7368b46c-47d4-4759-bea4-8800a5ec7225","True"
"VSS","Stopped","OK","False","Manual","LocalSystem","0","Idle","C:\Windows\system32\vssvc.exe","Volume Shadow Copy","Manages and implements Volume Shadow Copies used for backup and other purposes. If this service is stopped, shadow copies will be unavailable for backup and the backup may fail. If this service is disabled, any services that explicitly depend on it will fail to start.",,"False","False","MEGATRON","7368b46c-47d4-4759-bea4-8800a5ec7225","True"
"W32Time","Running","OK","True","Auto","NT AUTHORITY\LocalService","228","svchost","C:\Windows\system32\svchost.exe -k LocalService","Windows Time","Maintains date and time synchronization on all clients and servers in the network. If this service is stopped, date and time synchronization will be unavailable. If this service is disabled, any services that explicitly depend on it will fail to start.",,"False","True","MEGATRON","7368b46c-47d4-4759-bea4-8800a5ec7225","True"
"wbengine","Stopped","OK","False","Manual","LocalSystem","0","Idle","""C:\Windows\system32\wbengine.exe""","Block Level Backup Engine Service","The WBENGINE service is used by Windows Backup to perform backup and recovery operations. If this service is stopped by a user, it may cause the currently running backup or recovery operation to fail. Disabling this service may disable backup and recovery operations using Windows Backup on this computer.",,"False","False","MEGATRON","7368b46c-47d4-4759-bea4-8800a5ec7225","True"
"Wcmsvc","Running","OK","True","Auto","NT Authority\LocalService","900","svchost","C:\Windows\system32\svchost.exe -k LocalServiceNetworkRestricted","Windows Connection Manager","Makes automatic connect/disconnect decisions based on the network connectivity options currently available to the PC and enables management of network connectivity based on Group Policy settings.",,"False","True","MEGATRON","7368b46c-47d4-4759-bea4-8800a5ec7225","True"
"wcncsvc","Stopped","OK","False","Manual","NT AUTHORITY\LocalService","0","Idle","C:\Windows\System32\svchost.exe -k LocalServiceAndNoImpersonation","Windows Connect Now - Config Registrar","WCNCSVC hosts the Windows Connect Now Configuration which is Microsoft's Implementation of Wi-Fi Protected Setup (WPS) protocol. This is used to configure Wireless LAN settings for an Access Point (AP) or a Wi-Fi Device. The service is started programmatically as needed.",,"False","False","MEGATRON","7368b46c-47d4-4759-bea4-8800a5ec7225","True"
"WcsPlugInService","Stopped","OK","False","Manual","NT AUTHORITY\LocalService","0","Idle","C:\Windows\system32\svchost.exe -k wcssvc","Windows Color System","The WcsPlugInService service hosts third-party Windows Color System color device model and gamut map model plug-in modules. These plug-in modules are vendor-specific extensions to the Windows Color System baseline color device and gamut map models. Stopping or disabling the WcsPlugInService service will disable this extensibility feature, and the Windows Color System will use its baseline model processing rather than the vendor's desired processing. This might result in inaccurate color rendering.",,"False","False","MEGATRON","7368b46c-47d4-4759-bea4-8800a5ec7225","True"
"WdiServiceHost","Stopped","OK","False","Manual","NT AUTHORITY\LocalService","0","Idle","C:\Windows\System32\svchost.exe -k LocalService","Diagnostic Service Host","The Diagnostic Service Host is used by the Diagnostic Policy Service to host diagnostics that need to run in a Local Service context.  If this service is stopped, any diagnostics that depend on it will no longer function.",,"False","False","MEGATRON","7368b46c-47d4-4759-bea4-8800a5ec7225","True"
"WdiSystemHost","Stopped","OK","False","Manual","LocalSystem","0","Idle","C:\Windows\System32\svchost.exe -k LocalSystemNetworkRestricted","Diagnostic System Host","The Diagnostic System Host is used by the Diagnostic Policy Service to host diagnostics that need to run in a Local System context.  If this service is stopped, any diagnostics that depend on it will no longer function.",,"False","False","MEGATRON","7368b46c-47d4-4759-bea4-8800a5ec7225","True"
"WDSServer","Stopped","OK","False","Manual","LocalSystem","0","Idle","C:\Windows\system32\svchost.exe -k WDSServer","Windows Deployment Services Server","Manages requests made by Pre-Boot eXecution Environment (PXE) - enabled client computers. If this service is stopped, PXE-enabled client computers will be unable to install Windows remotely or use other Windows Deployment Services -based tools. If this service is disabled, any services that explicitly depend on it will fail to start.",,"False","False","MEGATRON","7368b46c-47d4-4759-bea4-8800a5ec7225","True"
"Wecsvc","Stopped","OK","False","Manual","NT AUTHORITY\NetworkService","0","Idle","C:\Windows\system32\svchost.exe -k NetworkService","Windows Event Collector","This service manages persistent subscriptions to events from remote sources that support WS-Management protocol. This includes Windows Vista event logs, hardware and IPMI-enabled event sources. The service stores forwarded events in a local Event Log. If this service is stopped or disabled event subscriptions cannot be created and forwarded events cannot be accepted.",,"False","False","MEGATRON","7368b46c-47d4-4759-bea4-8800a5ec7225","True"
"WEPHOSTSVC","Stopped","OK","False","Manual","NT AUTHORITY\LocalService","0","Idle","C:\Windows\system32\svchost.exe -k WepHostSvcGroup","Windows Encryption Provider Host Service","Windows Encryption Provider Host Service brokers encryption related functionalities from 3rd Party Encryption Providers to processes that need to evaluate and apply EAS policies. Stopping this will compromise EAS compliancy checks that have been established by the connected Mail Accounts",,"False","False","MEGATRON","7368b46c-47d4-4759-bea4-8800a5ec7225","True"
"wercplsupport","Stopped","OK","False","Manual","localSystem","0","Idle","C:\Windows\System32\svchost.exe -k netsvcs","Problem Reports and Solutions Control Panel Support","This service provides support for viewing, sending and deletion of system-level problem reports for the Problem Reports and Solutions control panel.",,"False","False","MEGATRON","7368b46c-47d4-4759-bea4-8800a5ec7225","True"
"WerSvc","Stopped","OK","False","Manual","localSystem","0","Idle","C:\Windows\System32\svchost.exe -k WerSvcGroup","Windows Error Reporting Service","Allows errors to be reported when programs stop working or responding and allows existing solutions to be delivered. Also allows logs to be generated for diagnostic and repair services. If this service is stopped, error reporting might not work correctly and results of diagnostic services and repairs might not be displayed.",,"False","False","MEGATRON","7368b46c-47d4-4759-bea4-8800a5ec7225","True"
"WIDWriter","Stopped","OK","False","Manual","NT AUTHORITY\LocalService","0","Idle","C:\Windows\WID\Binn\sqlwriter.exe -w","Windows Internal Database VSS Writer","Provides the interface to backup and restore Windows Internal Database through the Windows VSS infrastructure.",,"False","False","MEGATRON","7368b46c-47d4-4759-bea4-8800a5ec7225","True"
"WinHttpAutoProxySvc","Running","OK","True","Manual","NT AUTHORITY\LocalService","228","svchost","C:\Windows\system32\svchost.exe -k LocalService","WinHTTP Web Proxy Auto-Discovery Service","WinHTTP implements the client HTTP stack and provides developers with a Win32 API and COM Automation component for sending HTTP requests and receiving responses. In addition, WinHTTP provides support for auto-discovering a proxy configuration via its implementation of the Web Proxy Auto-Discovery (WPAD) protocol.",,"False","True","MEGATRON","7368b46c-47d4-4759-bea4-8800a5ec7225","True"
"winlogbeat","Running","OK","True","Auto","LocalSystem","2544","winlogbeat","""C:\Program Files\Winlogbeat\\winlogbeat.exe"" -c ""C:\Program Files\Winlogbeat\\winlogbeat.yml"" -path.home ""C:\Program Files\Winlogbeat"" -path.data ""C:\\ProgramData\\winlogbeat""","winlogbeat",,,"False","True","MEGATRON","7368b46c-47d4-4759-bea4-8800a5ec7225","True"
"Winmgmt","Running","OK","True","Auto","localSystem","956","svchost","C:\Windows\system32\svchost.exe -k netsvcs","Windows Management Instrumentation","Provides a common interface and object model to access management information about operating system, devices, applications and services. If this service is stopped, most Windows-based software will not function properly. If this service is disabled, any services that explicitly depend on it will fail to start.",,"True","True","MEGATRON","7368b46c-47d4-4759-bea4-8800a5ec7225","True"
"WinRM","Running","OK","True","Auto","NT AUTHORITY\NetworkService","928","svchost","C:\Windows\System32\svchost.exe -k NetworkService","Windows Remote Management (WS-Management)","Windows Remote Management (WinRM) service implements the WS-Management protocol for remote management. WS-Management is a standard web services protocol used for remote software and hardware management. The WinRM service listens on the network for WS-Management requests and processes them. The WinRM Service needs to be configured with a listener using winrm.cmd command line tool or through Group Policy in order for it to listen over the network. The WinRM service provides access to WMI data and enables event collection. Event collection and subscription to events require that the service is running. WinRM messages use HTTP and HTTPS as transports. The WinRM service does not depend on IIS but is preconfigured to share a port with IIS on the same machine.  The WinRM service reserves the /wsman URL prefix. To prevent conflicts with IIS, administrators should ensure that any websites hosted on IIS do not use the /wsman URL prefix.",,"False","True","MEGATRON","7368b46c-47d4-4759-bea4-8800a5ec7225","True"
"WlanSvc","Running","OK","True","Auto","LocalSystem","668","svchost","C:\Windows\system32\svchost.exe -k WlansvcGroup","WLAN AutoConfig","The WLANSVC service provides the logic required to configure, discover, connect to, and disconnect from a wireless local area network (WLAN) as defined by IEEE 802.11 standards. It also contains the logic to turn your computer into a software access point so that other devices or computers can connect to your computer wirelessly using a WLAN adapter that can support this. Stopping or disabling the WLANSVC service will make all WLAN adapters on your computer inaccessible from the Windows networking UI. It is strongly recommended that you have the WLANSVC service running if your computer has a WLAN adapter.",,"False","True","MEGATRON","7368b46c-47d4-4759-bea4-8800a5ec7225","True"
"wmiApSrv","Stopped","OK","False","Manual","localSystem","0","Idle","C:\Windows\system32\wbem\WmiApSrv.exe","WMI Performance Adapter","Provides performance library information from Windows Management Instrumentation (WMI) providers to clients on the network. This service only runs when Performance Data Helper is activated.",,"False","False","MEGATRON","7368b46c-47d4-4759-bea4-8800a5ec7225","True"
"WPDBusEnum","Stopped","OK","False","Manual","LocalSystem","0","Idle","C:\Windows\system32\svchost.exe -k LocalSystemNetworkRestricted","Portable Device Enumerator Service","Enforces group policy for removable mass-storage devices. Enables applications such as Windows Media Player and Image Import Wizard to transfer and synchronize content using removable mass-storage devices.",,"False","False","MEGATRON","7368b46c-47d4-4759-bea4-8800a5ec7225","True"
"WSearch","Running","OK","True","Auto","LocalSystem","2416","SearchIndexer","C:\Windows\system32\SearchIndexer.exe /Embedding","Windows Search","Provides content indexing, property caching, and search results for files, e-mail, and other content.",,"False","True","MEGATRON","7368b46c-47d4-4759-bea4-8800a5ec7225","True"
"WSService","Stopped","OK","False","Manual","LocalSystem","0","Idle","C:\Windows\System32\svchost.exe -k wsappx","Windows Store Service (WSService)","Provides infrastructure support for Windows Store.This service is started on demand and if disabled applications bought using Windows Store will not behave correctly.",,"False","False","MEGATRON","7368b46c-47d4-4759-bea4-8800a5ec7225","True"
"wuauserv","Stopped","OK","False","Manual","LocalSystem","0","Idle","C:\Windows\system32\svchost.exe -k netsvcs","Windows Update","Enables the detection, download, and installation of updates for Windows and other programs. If this service is disabled, users of this computer will not be able to use Windows Update or its automatic updating feature, and programs will not be able to use the Windows Update Agent (WUA) API.",,"False","False","MEGATRON","7368b46c-47d4-4759-bea4-8800a5ec7225","True"
"wudfsvc","Running","OK","True","Manual","LocalSystem","384","svchost","C:\Windows\system32\svchost.exe -k LocalSystemNetworkRestricted","Windows Driver Foundation - User-mode Driver Framework","Creates and manages user-mode driver processes. This service cannot be stopped.",,"False","False","MEGATRON","7368b46c-47d4-4759-bea4-8800a5ec7225","True"
