"PSComputerName","Name","ProcessID","ParentProcessID","Path","WorkingSetSize","Handle","HandleCount","ThreadCount","CreationDate"
"2012DATA-DC1","System Idle Process","0","0",,"20480","0","0","1",
"2012DATA-DC1","System","4","0",,"212992","4","683","387","20181130164614.709476-480"
"2012DATA-DC1","smss.exe","452","4",,"638976","452","50","3","20181130164614.725492-480"
"2012DATA-DC1","csrss.exe","552","536","C:\Windows\system32\csrss.exe","3973120","552","342","9","20181130164624.912238-480"
"2012DATA-DC1","csrss.exe","620","612","C:\Windows\system32\csrss.exe","21041152","620","188","10","20181130164625.786198-480"
"2012DATA-DC1","wininit.exe","628","536","C:\Windows\system32\wininit.exe","3514368","628","79","2","20181130164625.786198-480"
"2012DATA-DC1","winlogon.exe","656","612","C:\Windows\system32\winlogon.exe","4149248","656","150","3","20181130164626.005260-480"
"2012DATA-DC1","services.exe","716","628","C:\Windows\system32\services.exe","7643136","716","295","10","20181130164626.877825-480"
"2012DATA-DC1","lsass.exe","724","628",,"29839360","724","1471","28","20181130164627.003545-480"
"2012DATA-DC1","svchost.exe","888","716","C:\Windows\system32\svchost.exe","7045120","888","343","10","20181130164633.710988-480"
"2012DATA-DC1","vmacthlp.exe","928","716","C:\Program Files\VMware\VMware Tools\vmacthlp.exe","2338816","928","61","2","20181130164634.178293-480"
"2012DATA-DC1","svchost.exe","952","716","C:\Windows\system32\svchost.exe","6111232","952","348","9","20181130164634.615095-480"
"2012DATA-DC1","dwm.exe","516","656","C:\Windows\system32\dwm.exe","41820160","516","192","7","20181130164635.163140-480"
"2012DATA-DC1","svchost.exe","476","716","C:\Windows\System32\svchost.exe","17612800","476","423","14","20181130164635.223629-480"
"2012DATA-DC1","svchost.exe","800","716","C:\Windows\system32\svchost.exe","66482176","800","3542","43","20181130164636.097098-480"
"2012DATA-DC1","svchost.exe","1096","716","C:\Windows\system32\svchost.exe","17080320","1096","886","23","20181130164638.842787-480"
"2012DATA-DC1","svchost.exe","1164","716","C:\Windows\system32\svchost.exe","17256448","1164","523","18","20181130164639.451825-480"
"2012DATA-DC1","svchost.exe","1280","716","C:\Windows\system32\svchost.exe","11091968","1280","352","17","20181130164640.278093-480"
"2012DATA-DC1","spoolsv.exe","1568","716","C:\Windows\System32\spoolsv.exe","18591744","1568","435","15","20181130164658.795556-480"
"2012DATA-DC1","Microsoft.ActiveDirectory.WebServices.exe","1596","716","C:\Windows\ADWS\Microsoft.ActiveDirectory.WebServices.exe","50831360","1596","677","12","20181130164659.154181-480"
"2012DATA-DC1","dfsrs.exe","1632","716","C:\Windows\system32\DFSRs.exe","17334272","1632","251","11","20181130164704.023128-480"
"2012DATA-DC1","dns.exe","1664","716","C:\Windows\system32\dns.exe","20856832","1664","5230","14","20181130164704.520862-480"
"2012DATA-DC1","esensor.exe","1704","716",,"144154624","1704","760","39","20181130164705.768711-480"
"2012DATA-DC1","ismserv.exe","1792","716","C:\Windows\System32\ismserv.exe","4448256","1792","94","7","20181130164707.391303-480"
"2012DATA-DC1","VGAuthService.exe","1844","716","C:\Program Files\VMware\VMware Tools\VMware VGAuth\VGAuthService.exe","10399744","1844","112","3","20181130164708.015296-480"
"2012DATA-DC1","vmtoolsd.exe","1904","716","C:\Program Files\VMware\VMware Tools\vmtoolsd.exe","20525056","1904","328","9","20181130164709.044894-480"
"2012DATA-DC1","dfssvc.exe","1932","716","C:\Windows\system32\dfssvc.exe","6057984","1932","126","12","20181130164711.464394-480"
"2012DATA-DC1","vds.exe","1868","716","C:\Windows\System32\vds.exe","8204288","1868","154","12","20181130164717.203548-480"
"2012DATA-DC1","svchost.exe","2104","716","C:\Windows\System32\svchost.exe","9523200","2104","415","23","20181130164719.668432-480"
"2012DATA-DC1","svchost.exe","2168","716","C:\Windows\system32\svchost.exe","4505600","2168","108","4","20181130164722.304844-480"
"2012DATA-DC1","svchost.exe","2212","716","C:\Windows\system32\svchost.exe","12951552","2212","243","9","20181130164723.256474-480"
"2012DATA-DC1","dllhost.exe","2424","716","C:\Windows\system32\dllhost.exe","10514432","2424","194","11","20181130164727.928546-480"
"2012DATA-DC1","WmiPrvSE.exe","2584","888","C:\Windows\system32\wbem\wmiprvse.exe","26849280","2584","271","12","20181130164729.075555-480"
"2012DATA-DC1","msdtc.exe","2188","716","C:\Windows\System32\msdtc.exe","7188480","2188","147","10","20181130164753.583858-480"
"2012DATA-DC1","taskhostex.exe","2540","716","C:\Windows\system32\taskhostex.exe","7577600","2540","185","7","20181130164956.091344-480"
"2012DATA-DC1","explorer.exe","3092","3228","C:\Windows\Explorer.EXE","63426560","3092","1042","38","20181130165004.251623-480"
"2012DATA-DC1","ManagementAgentHost.exe","3208","716","C:\Program Files\VMware\VMware Tools\VMware CAF\pme\bin\ManagementAgentHost.exe","11161600","3208","121","9","20181130165046.872361-480"
"2012DATA-DC1","vmtoolsd.exe","3108","3092","C:\Program Files\VMware\VMware Tools\vmtoolsd.exe","17829888","3108","220","8","20181130165049.898383-480"
"2012DATA-DC1","ServerManager.exe","6012","3092","C:\Windows\system32\ServerManager.exe","129884160","6012","434","11","20181207175710.752442-480"
"2012DATA-DC1","mmc.exe","212","6012","C:\Windows\system32\mmc.exe","10686464","212","246","5","20181207175738.713451-480"
"2012DATA-DC1","WmiPrvSE.exe","5480","888","C:\Windows\system32\wbem\wmiprvse.exe","27574272","5480","327","11","20181208125143.981826-480"
"2012DATA-DC1","WmiPrvSE.exe","4256","888","C:\Windows\system32\wbem\wmiprvse.exe","8638464","4256","186","7","20181208125148.724517-480"
"2012DATA-DC1","WmiApSrv.exe","3652","716","C:\Windows\system32\wbem\WmiApSrv.exe","5255168","3652","111","5","20181208125349.157917-480"
"DELLWIN10","System Idle Process","0","0",,"8192","0","0","4","20181207141858.647467-480"
"DELLWIN10","System","4","0",,"16297984","4","4880","145","20181207141858.647467-480"
"DELLWIN10","Registry","96","4",,"4952064","96","0","3","20181207141856.545454-480"
"DELLWIN10","smss.exe","372","4",,"1011712","372","52","2","20181207141858.652781-480"
"DELLWIN10","csrss.exe","476","452",,"4636672","476","546","10","20181207141901.046741-480"
"DELLWIN10","wininit.exe","552","452",,"5574656","552","151","1","20181207141901.335358-480"
"DELLWIN10","csrss.exe","560","544",,"5238784","560","768","14","20181207141901.339391-480"
"DELLWIN10","services.exe","632","552",,"8151040","632","692","8","20181207141901.422636-480"
"DELLWIN10","lsass.exe","640","552","C:\Windows\system32\lsass.exe","16986112","640","1597","10","20181207141901.448422-480"
"DELLWIN10","svchost.exe","764","632","c:\windows\system32\svchost.exe","3563520","764","84","2","20181207141901.685778-480"
"DELLWIN10","svchost.exe","792","632","C:\Windows\system32\svchost.exe","27193344","792","1109","21","20181207141901.701949-480"
"DELLWIN10","fontdrvhost.exe","820","552","C:\Windows\system32\fontdrvhost.exe","2711552","820","45","5","20181207141901.741229-480"
"DELLWIN10","svchost.exe","872","632","c:\windows\system32\svchost.exe","16105472","872","1346","14","20181207141901.859566-480"
"DELLWIN10","svchost.exe","924","632","c:\windows\system32\svchost.exe","7606272","924","332","7","20181207141901.896968-480"
"DELLWIN10","winlogon.exe","992","544","C:\Windows\system32\winlogon.exe","9486336","992","246","5","20181207141902.638985-480"
"DELLWIN10","fontdrvhost.exe","400","992","C:\Windows\system32\fontdrvhost.exe","10444800","400","45","5","20181207141902.701021-480"
"DELLWIN10","svchost.exe","1028","632","c:\windows\system32\svchost.exe","6184960","1028","142","5","20181207141902.780323-480"
"DELLWIN10","svchost.exe","1036","632","c:\windows\system32\svchost.exe","6189056","1036","188","4","20181207141902.780329-480"
"DELLWIN10","svchost.exe","1044","632","c:\windows\system32\svchost.exe","6135808","1044","149","4","20181207141902.780368-480"
"DELLWIN10","svchost.exe","1112","632","c:\windows\system32\svchost.exe","8249344","1112","180","2","20181207141902.807447-480"
"DELLWIN10","svchost.exe","1120","632","c:\windows\system32\svchost.exe","11128832","1120","146","4","20181207141902.808616-480"
"DELLWIN10","svchost.exe","1136","632","c:\windows\system32\svchost.exe","7467008","1136","231","9","20181207141902.820214-480"
"DELLWIN10","dwm.exe","1152","992","C:\Windows\system32\dwm.exe","54304768","1152","705","10","20181207141902.832340-480"
"DELLWIN10","WUDFHost.exe","1164","632","C:\Windows\System32\WUDFHost.exe","6004736","1164","245","5","20181207141902.835188-480"
"DELLWIN10","svchost.exe","1260","632","c:\windows\system32\svchost.exe","9265152","1260","262","16","20181207141902.865111-480"
"DELLWIN10","svchost.exe","1268","632","c:\windows\system32\svchost.exe","13955072","1268","390","8","20181207141902.868653-480"
"DELLWIN10","svchost.exe","1332","632","c:\windows\system32\svchost.exe","9129984","1332","226","3","20181207141902.899569-480"
"DELLWIN10","svchost.exe","1512","632","c:\windows\system32\svchost.exe","8761344","1512","256","5","20181207141902.968573-480"
"DELLWIN10","svchost.exe","1524","632","C:\Windows\system32\svchost.exe","8400896","1524","179","2","20181207141902.974154-480"
"DELLWIN10","svchost.exe","1580","632","c:\windows\system32\svchost.exe","18735104","1580","517","17","20181207141902.994312-480"
"DELLWIN10","svchost.exe","1692","632","c:\windows\system32\svchost.exe","7581696","1692","121","3","20181207141903.041576-480"
"DELLWIN10","svchost.exe","1704","632","c:\windows\system32\svchost.exe","14028800","1704","432","9","20181207141903.046635-480"
"DELLWIN10","svchost.exe","1788","632","c:\windows\system32\svchost.exe","5492736","1788","255","4","20181207141903.080841-480"
"DELLWIN10","svchost.exe","1796","632","c:\windows\system32\svchost.exe","12005376","1796","204","5","20181207141903.081045-480"
"DELLWIN10","svchost.exe","1808","632","c:\windows\system32\svchost.exe","6541312","1808","158","5","20181207141903.085959-480"
"DELLWIN10","svchost.exe","1896","632","c:\windows\system32\svchost.exe","11669504","1896","277","4","20181207141903.124367-480"
"DELLWIN10","Memory Compression","1908","4",,"767127552","1908","0","50","20181207141903.131512-480"
"DELLWIN10","svchost.exe","1984","632","c:\windows\system32\svchost.exe","7065600","1984","164","2","20181207141903.149654-480"
"DELLWIN10","svchost.exe","2020","632","c:\windows\system32\svchost.exe","7000064","2020","194","5","20181207141903.180122-480"
"DELLWIN10","svchost.exe","2032","632","c:\windows\system32\svchost.exe","6770688","2032","151","6","20181207141903.186456-480"
"DELLWIN10","svchost.exe","2188","632","c:\windows\system32\svchost.exe","7192576","2188","183","8","20181207141903.496081-480"
"DELLWIN10","svchost.exe","2224","632","c:\windows\system32\svchost.exe","18989056","2224","503","17","20181207141903.524437-480"
"DELLWIN10","svchost.exe","2248","632","C:\Windows\System32\svchost.exe","15593472","2248","352","9","20181207141903.556491-480"
"DELLWIN10","svchost.exe","2288","632","c:\windows\system32\svchost.exe","10219520","2288","449","5","20181207141903.575147-480"
"DELLWIN10","SbieSvc.exe","2404","632","C:\Program Files\Sandboxie\SbieSvc.exe","4804608","2404","129","17","20181207141903.626386-480"
"DELLWIN10","svchost.exe","2476","632","c:\windows\system32\svchost.exe","12750848","2476","185","3","20181207141903.644637-480"
"DELLWIN10","svchost.exe","2512","632","c:\windows\system32\svchost.exe","13336576","2512","386","12","20181207141903.654192-480"
"DELLWIN10","svchost.exe","2660","632","C:\Windows\System32\svchost.exe","6053888","2660","135","5","20181207141903.705526-480"
"DELLWIN10","svchost.exe","2672","632","C:\Windows\system32\svchost.exe","11259904","2672","427","13","20181207141903.710022-480"
"DELLWIN10","svchost.exe","2792","632","c:\windows\system32\svchost.exe","8925184","2792","448","13","20181207141903.788437-480"
"DELLWIN10","svchost.exe","3052","632","C:\Windows\system32\svchost.exe","12820480","3052","397","10","20181207141903.968004-480"
"DELLWIN10","svchost.exe","3068","632","c:\windows\system32\svchost.exe","17928192","3068","277","6","20181207141903.992680-480"
"DELLWIN10","svchost.exe","2640","632","c:\windows\system32\svchost.exe","12034048","2640","239","4","20181207141904.044074-480"
"DELLWIN10","spoolsv.exe","3160","632","C:\Windows\System32\spoolsv.exe","11714560","3160","419","11","20181207141904.102531-480"
"DELLWIN10","svchost.exe","3232","632","c:\windows\system32\svchost.exe","7790592","3232","190","5","20181207141904.148938-480"
"DELLWIN10","mDNSResponder.exe","3392","632","C:\Program Files (x86)\Bonjour\mDNSResponder.exe","7520256","3392","218","5","20181207141904.254549-480"
"DELLWIN10","HidMonitorSvc.exe","3400","632","C:\Program Files\DellTPad\HidMonitorSvc.exe","4558848","3400","112","2","20181207141904.254856-480"
"DELLWIN10","svchost.exe","3416","632","c:\windows\system32\svchost.exe","16449536","3416","307","12","20181207141904.274952-480"
"DELLWIN10","svchost.exe","3424","632","c:\windows\system32\svchost.exe","5623808","3424","137","2","20181207141904.283397-480"
"DELLWIN10","svchost.exe","3432","632","c:\windows\system32\svchost.exe","36032512","3432","361","22","20181207141904.285019-480"
"DELLWIN10","svchost.exe","3440","632","c:\windows\system32\svchost.exe","6443008","3440","230","5","20181207141904.294224-480"
"DELLWIN10","svchost.exe","3452","632","c:\windows\system32\svchost.exe","10125312","3452","221","6","20181207141904.304367-480"
"DELLWIN10","nordvpn-service.exe","3480","632","C:\Program Files (x86)\NordVPN\nordvpn-service.exe","38232064","3480","763","18","20181207141904.313951-480"
"DELLWIN10","svchost.exe","3496","632","C:\Windows\System32\svchost.exe","22437888","3496","741","16","20181207141904.322363-480"
"DELLWIN10","svchost.exe","3572","632","c:\windows\system32\svchost.exe","6615040","3572","196","12","20181207141904.354757-480"
"DELLWIN10","SSUService.exe","3604","632","C:\Program Files (x86)\Splashtop\Splashtop Software Updater\SSUService.exe","7925760","3604","177","4","20181207141904.373265-480"
"DELLWIN10","svchost.exe","3640","632","C:\Windows\system32\svchost.exe","7122944","3640","169","5","20181207141904.380006-480"
"DELLWIN10","SecurityHealthService.exe","3652","632",,"12480512","3652","360","6","20181207141904.391718-480"
"DELLWIN10","svchost.exe","3664","632","c:\windows\system32\svchost.exe","5140480","3664","123","3","20181207141904.396637-480"
"DELLWIN10","vmware-authd.exe","3676","632","C:\Program Files (x86)\VMware\VMware Workstation\vmware-authd.exe","10838016","3676","318","6","20181207141904.404381-480"
"DELLWIN10","vmnetdhcp.exe","3704","632","C:\Windows\SysWOW64\vmnetdhcp.exe","4530176","3704","78","2","20181207141904.422251-480"
"DELLWIN10","vmware-usbarbitrator64.exe","3744","632","C:\Program Files (x86)\Common Files\VMware\USB\vmware-usbarbitrator64.exe","8298496","3744","237","3","20181207141904.445662-480"
"DELLWIN10","vmnat.exe","3768","632","C:\Windows\SysWOW64\vmnat.exe","6225920","3768","166","4","20181207141904.454716-480"
"DELLWIN10","svchost.exe","3812","632","c:\windows\system32\svchost.exe","9113600","3812","203","5","20181207141904.485031-480"
"DELLWIN10","svchost.exe","3820","632","c:\windows\system32\svchost.exe","19939328","3820","412","7","20181207141904.487196-480"
"DELLWIN10","MsMpEng.exe","3828","632",,"140316672","3828","980","31","20181207141904.490877-480"
"DELLWIN10","svchost.exe","3972","632","c:\windows\system32\svchost.exe","5877760","3972","122","2","20181207141904.550548-480"
"DELLWIN10","svchost.exe","4260","632","c:\windows\system32\svchost.exe","4890624","4260","102","3","20181207141904.734801-480"
"DELLWIN10","vmware-hostd.exe","4588","632","C:\Program Files (x86)\VMware\VMware Workstation\vmware-hostd.exe","31531008","4588","446","23","20181207141905.218719-480"
"DELLWIN10","svchost.exe","4620","632","c:\windows\system32\svchost.exe","6041600","4620","145","4","20181207141905.431807-480"
"DELLWIN10","svchost.exe","4720","632","c:\windows\system32\svchost.exe","6291456","4720","205","7","20181207141905.700546-480"
"DELLWIN10","svchost.exe","4732","632","c:\windows\system32\svchost.exe","8192000","4732","260","7","20181207141905.710565-480"
"DELLWIN10","WUDFHost.exe","4832","632","C:\Windows\System32\WUDFHost.exe","6578176","4832","230","6","20181207141905.920863-480"
"DELLWIN10","dasHost.exe","4852","3424","C:\Windows\system32\dashost.exe","4403200","4852","119","2","20181207141905.941593-480"
"DELLWIN10","svchost.exe","4860","632","c:\windows\system32\svchost.exe","11415552","4860","384","16","20181207141905.943542-480"
"DELLWIN10","svchost.exe","5008","632","c:\windows\system32\svchost.exe","6889472","5008","237","10","20181207141906.135068-480"
"DELLWIN10","NisSrv.exe","5176","632",,"11042816","5176","199","8","20181207141907.527099-480"
"DELLWIN10","svchost.exe","5496","632","c:\windows\system32\svchost.exe","27443200","5496","511","9","20181207141908.922333-480"
"DELLWIN10","Apoint.exe","5456","3400","C:\Program Files\DellTPad\Apoint.exe","13905920","5456","278","3","20181207141943.747575-480"
"DELLWIN10","sihost.exe","944","1512","c:\windows\system32\sihost.exe","26746880","944","635","11","20181207141943.837911-480"
"DELLWIN10","svchost.exe","432","632","c:\windows\system32\svchost.exe","17354752","432","256","8","20181207141943.847493-480"
"DELLWIN10","svchost.exe","2452","632","c:\windows\system32\svchost.exe","34250752","2452","504","6","20181207141943.894303-480"
"DELLWIN10","taskhostw.exe","1688","1268","c:\windows\system32\taskhostw.exe","16175104","1688","318","8","20181207141943.990364-480"
"DELLWIN10","procexp.exe","6092","1268","C:\SYSINTERNALSSUITE\PROCEXP.EXE","1081344","6092","235","2","20181207141943.996827-480"
"DELLWIN10","svchost.exe","6212","632","c:\windows\system32\svchost.exe","6803456","6212","156","3","20181207141944.105009-480"
"DELLWIN10","ctfmon.exe","6260","6212","C:\Windows\system32\ctfmon.exe","16252928","6260","468","9","20181207141944.145385-480"
"DELLWIN10","explorer.exe","6376","6352","C:\Windows\Explorer.EXE","140685312","6376","3472","125","20181207141944.304997-480"
"DELLWIN10","svchost.exe","6728","632","c:\windows\system32\svchost.exe","5410816","6728","130","2","20181207141945.053672-480"
"DELLWIN10","ApMsgFwd.exe","6812","5456","C:\Program Files\DellTPad\ApMsgFwd.exe","6070272","6812","131","2","20181207141945.273960-480"
"DELLWIN10","svchost.exe","6820","632","c:\windows\system32\svchost.exe","7086080","6820","194","7","20181207141945.291009-480"
"DELLWIN10","hidfind.exe","6916","5456","C:\Program Files\DellTPad\HidFind.exe","4481024","6916","85","1","20181207141945.464671-480"
"DELLWIN10","ApntEx.exe","6928","6896","C:\Program Files\DellTPad\Apntex.exe","6139904","6928","143","2","20181207141945.481924-480"
"DELLWIN10","conhost.exe","6964","6928","C:\Windows\system32\conhost.exe","5795840","6964","132","3","20181207141945.516973-480"
"DELLWIN10","svchost.exe","7048","632","c:\windows\system32\svchost.exe","12894208","7048","244","4","20181207141945.673583-480"
"DELLWIN10","ShellExperienceHost.exe","6968","792","C:\Windows\SystemApps\ShellExperienceHost_cw5n1h2txyewy\ShellExperienceHost.exe","69115904","6968","2563","34","20181207141946.433848-480"
"DELLWIN10","SearchUI.exe","7504","792","C:\Windows\SystemApps\Microsoft.Windows.Cortana_cw5n1h2txyewy\SearchUI.exe","87621632","7504","1363","49","20181207141947.252804-480"
"DELLWIN10","RuntimeBroker.exe","7668","792","C:\Windows\System32\RuntimeBroker.exe","23752704","7668","560","12","20181207141947.752523-480"
"DELLWIN10","RuntimeBroker.exe","7752","792","C:\Windows\System32\RuntimeBroker.exe","26267648","7752","407","5","20181207141948.117408-480"
"DELLWIN10","ApplicationFrameHost.exe","8164","792","C:\Windows\system32\ApplicationFrameHost.exe","24682496","8164","435","4","20181207141948.580715-480"
"DELLWIN10","SkypeBackgroundHost.exe","8212","792","C:\Program Files\WindowsApps\Microsoft.SkypeApp_14.35.76.0_x64__kzf8qxf38zg5c\SkypeBackgroundHost.exe","1978368","8212","171","4","20181207141948.858161-480"
"DELLWIN10","SearchIndexer.exe","8372","632","C:\Windows\system32\SearchIndexer.exe","54505472","8372","831","29","20181207141949.045167-480"
"DELLWIN10","RuntimeBroker.exe","8720","792","C:\Windows\System32\RuntimeBroker.exe","27770880","8720","457","5","20181207141949.806201-480"
"DELLWIN10","PROCEXP64.exe","1544","6092","C:\Users\Dan\AppData\Local\Temp\PROCEXP64.exe","18599936","1544","680","12","20181207141952.478774-480"
"DELLWIN10","svchost.exe","9512","632","c:\windows\system32\svchost.exe","13930496","9512","266","9","20181207141954.003885-480"
"DELLWIN10","MSASCuiL.exe","9644","6376","C:\Program Files\Windows Defender\MSASCuiL.exe","7966720","9644","153","1","20181207142000.373470-480"
"DELLWIN10","igfxtray.exe","9760","6376","C:\Windows\System32\igfxtray.exe","7151616","9760","147","1","20181207142000.839545-480"
"DELLWIN10","hkcmd.exe","9992","6376","C:\Windows\System32\hkcmd.exe","7110656","9992","147","1","20181207142001.302857-480"
"DELLWIN10","igfxpers.exe","9896","6376","C:\Windows\System32\igfxpers.exe","8044544","9896","187","2","20181207142001.768486-480"
"DELLWIN10","OneDrive.exe","7916","6376","C:\Users\Dan\AppData\Local\Microsoft\OneDrive\OneDrive.exe","44584960","7916","602","16","20181207142002.522658-480"
"DELLWIN10","PrintScreen.exe","7840","6376","C:\Program Files (x86)\Gadwin Systems\PrintScreen\PrintScreen.exe","9252864","7840","195","3","20181207142003.849258-480"
"DELLWIN10","splwow64.exe","460","7840","C:\Windows\splwow64.exe","12238848","460","226","5","20181207142003.926100-480"
"DELLWIN10","svchost.exe","10204","632","c:\windows\system32\svchost.exe","5685248","10204","128","3","20181207142004.211275-480"
"DELLWIN10","SbieCtrl.exe","9472","6376","C:\Program Files\Sandboxie\SbieCtrl.exe","13791232","9472","232","4","20181207142004.869013-480"
"DELLWIN10","NordVPN.exe","3176","6376","C:\Program Files (x86)\NordVPN\NordVPN.exe","167120896","3176","863","16","20181207142005.509188-480"
"DELLWIN10","SWXDAgent.exe","2704","6376","C:\Program Files (x86)\Splashtop\Splashtop Wired XDisplay\Agent\SWXDAgent.exe","14192640","2704","306","2","20181207142011.525878-480"
"DELLWIN10","vmware-tray.exe","3588","8028","C:\Program Files (x86)\VMware\VMware Workstation\vmware-tray.exe","9048064","3588","194","3","20181207142011.944748-480"
"DELLWIN10","jusched.exe","3720","8028","C:\Program Files (x86)\Common Files\Java\Java Update\jusched.exe","14741504","3720","389","2","20181207142012.477124-480"
"DELLWIN10","svchost.exe","6060","632","c:\windows\system32\svchost.exe","7692288","6060","192","6","20181207142030.924093-480"
"DELLWIN10","svchost.exe","9804","632","c:\windows\system32\svchost.exe","16699392","9804","520","12","20181207142106.332142-480"
"DELLWIN10","SgrmBroker.exe","8344","632",,"4800512","8344","65","2","20181207142107.770917-480"
"DELLWIN10","svchost.exe","8240","632","c:\windows\system32\svchost.exe","8282112","8240","192","6","20181207142108.201530-480"
"DELLWIN10","svchost.exe","8184","632","c:\windows\system32\svchost.exe","17809408","8184","493","4","20181207142108.401044-480"
"DELLWIN10","svchost.exe","8020","632","c:\windows\system32\svchost.exe","10682368","8020","233","2","20181207142131.726638-480"
"DELLWIN10","SkypeApp.exe","1000","792","C:\Program Files\WindowsApps\Microsoft.SkypeApp_14.35.76.0_x64__kzf8qxf38zg5c\SkypeApp.exe","626688","1000","431","15","20181207142131.784415-480"
"DELLWIN10","RuntimeBroker.exe","10484","792","C:\Windows\System32\RuntimeBroker.exe","13774848","10484","192","4","20181207142133.344106-480"
"DELLWIN10","dllhost.exe","3780","792","C:\Windows\system32\DllHost.exe","10285056","3780","235","4","20181207142206.104562-480"
"DELLWIN10","openvpn-nordvpn.exe","6504","3480","C:\Program Files (x86)\NordVPN\Resources\Binaries\64bit\openvpn-nordvpn.exe","10551296","6504","171","1","20181207142245.836513-480"
"DELLWIN10","conhost.exe","6096","6504","C:\Windows\system32\conhost.exe","4378624","6096","116","2","20181207142245.879928-480"
"DELLWIN10","qbittorrent.exe","8112","6376","C:\Program Files\qBittorrent\qbittorrent.exe","154783744","8112","707","21","20181207142504.894834-480"
"DELLWIN10","jucheck.exe","8584","3720","C:\Program Files (x86)\Common Files\Java\Java Update\jucheck.exe","12017664","8584","345","3","20181207142512.838600-480"
"DELLWIN10","sedsvc.exe","9772","632","C:\Program Files\rempl\sedsvc.exe","7540736","9772","183","3","20181207142913.573728-480"
"DELLWIN10","chrome.exe","10532","6376","C:\Program Files (x86)\Google\Chrome\Application\chrome.exe","284229632","10532","3723","38","20181207142944.326806-480"
"DELLWIN10","chrome.exe","11008","10532","C:\Program Files (x86)\Google\Chrome\Application\chrome.exe","7118848","11008","432","7","20181207142944.666346-480"
"DELLWIN10","chrome.exe","6280","10532","C:\Program Files (x86)\Google\Chrome\Application\chrome.exe","7561216","6280","141","2","20181207142945.308307-480"
"DELLWIN10","chrome.exe","4152","10532","C:\Program Files (x86)\Google\Chrome\Application\chrome.exe","57257984","4152","750","10","20181207142945.797613-480"
"DELLWIN10","chrome.exe","8472","10532","C:\Program Files (x86)\Google\Chrome\Application\chrome.exe","34033664","8472","327","14","20181207142947.229581-480"
"DELLWIN10","chrome.exe","2820","10532","C:\Program Files (x86)\Google\Chrome\Application\chrome.exe","30355456","2820","269","13","20181207142947.324299-480"
"DELLWIN10","chrome.exe","6804","10532","C:\Program Files (x86)\Google\Chrome\Application\chrome.exe","145666048","6804","271","14","20181207142948.474260-480"
"DELLWIN10","chrome.exe","7796","10532","C:\Program Files (x86)\Google\Chrome\Application\chrome.exe","23683072","7796","263","13","20181207142948.627709-480"
"DELLWIN10","chrome.exe","2044","10532","C:\Program Files (x86)\Google\Chrome\Application\chrome.exe","23199744","2044","263","13","20181207142948.658601-480"
"DELLWIN10","chrome.exe","10568","10532","C:\Program Files (x86)\Google\Chrome\Application\chrome.exe","34426880","10568","269","13","20181207142948.692466-480"
"DELLWIN10","chrome.exe","1452","10532","C:\Program Files (x86)\Google\Chrome\Application\chrome.exe","138375168","1452","275","15","20181207142948.716273-480"
"DELLWIN10","chrome.exe","8100","10532","C:\Program Files (x86)\Google\Chrome\Application\chrome.exe","43745280","8100","297","13","20181207142948.739671-480"
"DELLWIN10","chrome.exe","5788","10532","C:\Program Files (x86)\Google\Chrome\Application\chrome.exe","43786240","5788","266","14","20181207142948.785699-480"
"DELLWIN10","chrome.exe","8492","10532","C:\Program Files (x86)\Google\Chrome\Application\chrome.exe","23298048","8492","263","13","20181207142948.807723-480"
"DELLWIN10","chrome.exe","10600","10532","C:\Program Files (x86)\Google\Chrome\Application\chrome.exe","23199744","10600","263","13","20181207142954.263503-480"
"DELLWIN10","chrome.exe","9748","10532","C:\Program Files (x86)\Google\Chrome\Application\chrome.exe","57257984","9748","335","15","20181207142959.581783-480"
"DELLWIN10","chrome.exe","1472","10532","C:\Program Files (x86)\Google\Chrome\Application\chrome.exe","56963072","1472","325","17","20181207142959.645600-480"
"DELLWIN10","chrome.exe","10512","10532","C:\Program Files (x86)\Google\Chrome\Application\chrome.exe","107225088","10512","304","15","20181207142959.724409-480"
"DELLWIN10","chrome.exe","10268","10532","C:\Program Files (x86)\Google\Chrome\Application\chrome.exe","42250240","10268","340","15","20181207142959.858666-480"
"DELLWIN10","chrome.exe","7536","10532","C:\Program Files (x86)\Google\Chrome\Application\chrome.exe","39772160","7536","332","15","20181207142959.928605-480"
"DELLWIN10","chrome.exe","9332","10532","C:\Program Files (x86)\Google\Chrome\Application\chrome.exe","37330944","9332","290","15","20181207143000.022996-480"
"DELLWIN10","chrome.exe","11176","10532","C:\Program Files (x86)\Google\Chrome\Application\chrome.exe","71680000","11176","334","15","20181207143000.346680-480"
"DELLWIN10","chrome.exe","2180","10532","C:\Program Files (x86)\Google\Chrome\Application\chrome.exe","293367808","2180","332","18","20181207143000.412105-480"
"DELLWIN10","chrome.exe","10276","10532","C:\Program Files (x86)\Google\Chrome\Application\chrome.exe","213848064","10276","405","19","20181207143000.472929-480"
"DELLWIN10","chrome.exe","2328","10532","C:\Program Files (x86)\Google\Chrome\Application\chrome.exe","123908096","2328","316","17","20181207143000.527551-480"
"DELLWIN10","chrome.exe","1204","10532","C:\Program Files (x86)\Google\Chrome\Application\chrome.exe","72097792","1204","336","15","20181207143000.586800-480"
"DELLWIN10","chrome.exe","7528","10532","C:\Program Files (x86)\Google\Chrome\Application\chrome.exe","30322688","7528","314","14","20181207143000.647720-480"
"DELLWIN10","chrome.exe","10848","10532","C:\Program Files (x86)\Google\Chrome\Application\chrome.exe","52948992","10848","353","16","20181207143000.708024-480"
"DELLWIN10","chrome.exe","9504","10532","C:\Program Files (x86)\Google\Chrome\Application\chrome.exe","78376960","9504","310","15","20181207143000.824308-480"
"DELLWIN10","chrome.exe","10448","10532","C:\Program Files (x86)\Google\Chrome\Application\chrome.exe","75657216","10448","310","15","20181207143000.880660-480"
"DELLWIN10","chrome.exe","6992","10532","C:\Program Files (x86)\Google\Chrome\Application\chrome.exe","34209792","6992","266","13","20181207143001.262627-480"
"DELLWIN10","chrome.exe","7664","10532","C:\Program Files (x86)\Google\Chrome\Application\chrome.exe","38916096","7664","273","14","20181207143114.381085-480"
"DELLWIN10","chrome.exe","11944","10532","C:\Program Files (x86)\Google\Chrome\Application\chrome.exe","17584128","11944","263","13","20181207143212.948778-480"
"DELLWIN10","chrome.exe","12368","10532","C:\Program Files (x86)\Google\Chrome\Application\chrome.exe","57589760","12368","299","14","20181207143220.297340-480"
"DELLWIN10","chrome.exe","12700","10532","C:\Program Files (x86)\Google\Chrome\Application\chrome.exe","186032128","12700","358","19","20181207143227.702660-480"
"DELLWIN10","vmware.exe","8892","6376","C:\Program Files (x86)\VMware\VMware Workstation\vmware.exe","52953088","8892","713","22","20181207143639.521750-480"
"DELLWIN10","vmware-unity-helper.exe","9880","8892","C:\Program Files (x86)\VMware\VMware Workstation\vmware-unity-helper.exe","14192640","9880","252","2","20181207143651.869190-480"
"DELLWIN10","vmware-vmx.exe","12608","3676","C:\Program Files (x86)\VMware\VMware Workstation\x64\vmware-vmx.exe","334802944","12608","513","13","20181207143719.085751-480"
"DELLWIN10","vmware-vmx.exe","5728","3676","C:\Program Files (x86)\VMware\VMware Workstation\x64\vmware-vmx.exe","160108544","5728","533","14","20181207143722.669952-480"
"DELLWIN10","vmware-vmx.exe","12592","3676","C:\Program Files (x86)\VMware\VMware Workstation\x64\vmware-vmx.exe","76111872","12592","512","13","20181207143725.643746-480"
"DELLWIN10","vmware-vmx.exe","316","3676","C:\Program Files (x86)\VMware\VMware Workstation\x64\vmware-vmx.exe","59183104","316","486","14","20181207143728.884861-480"
"DELLWIN10","vmware-vmx.exe","7740","3676","C:\Program Files (x86)\VMware\VMware Workstation\x64\vmware-vmx.exe","176939008","7740","527","14","20181207143732.144072-480"
"DELLWIN10","vmware-vmx.exe","8560","3676","C:\Program Files (x86)\VMware\VMware Workstation\x64\vmware-vmx.exe","993964032","8560","556","17","20181207143734.299953-480"
"DELLWIN10","vmware-vmx.exe","4244","3676","C:\Program Files (x86)\VMware\VMware Workstation\x64\vmware-vmx.exe","277344256","4244","554","13","20181207151439.110331-480"
"DELLWIN10","chrome.exe","9128","10532","C:\Program Files (x86)\Google\Chrome\Application\chrome.exe","52998144","9128","401","15","20181207155942.407440-480"
"DELLWIN10","chrome.exe","8008","10532","C:\Program Files (x86)\Google\Chrome\Application\chrome.exe","58556416","8008","389","15","20181207163851.922398-480"
"DELLWIN10","svchost.exe","11192","632","c:\windows\system32\svchost.exe","5283840","11192","105","3","20181207190740.830184-480"
"DELLWIN10","sublime_text.exe","4960","6376","C:\Program Files\Sublime Text 3\sublime_text.exe","21774336","4960","507","8","20181207191618.120119-480"
"DELLWIN10","plugin_host.exe","5040","4960","C:\Program Files\Sublime Text 3\plugin_host.exe","8110080","5040","214","4","20181207191619.207467-480"
"DELLWIN10","chrome.exe","12540","10532","C:\Program Files (x86)\Google\Chrome\Application\chrome.exe","24821760","12540","263","13","20181207200056.379936-480"
"DELLWIN10","powershell_ise.exe","10700","6376","C:\Windows\system32\WindowsPowerShell\v1.0\PowerShell_ISE.exe","813322240","10700","1681","58","20181207211059.077025-480"
"DELLWIN10","chrome.exe","6524","10532","C:\Program Files (x86)\Google\Chrome\Application\chrome.exe","85266432","6524","370","15","20181207213550.195697-480"
"DELLWIN10","chrome.exe","3144","10532","C:\Program Files (x86)\Google\Chrome\Application\chrome.exe","54153216","3144","402","18","20181207215318.693677-480"
"DELLWIN10","chrome.exe","5020","10532","C:\Program Files (x86)\Google\Chrome\Application\chrome.exe","15708160","5020","262","13","20181207215610.354490-480"
"DELLWIN10","Microsoft.Photos.exe","8936","792","C:\Program Files\WindowsApps\Microsoft.Windows.Photos_2018.18091.17210.0_x64__8wekyb3d8bbwe\Microsoft.Photos.exe","25104384","8936","1652","16","20181207220130.566043-480"
"DELLWIN10","RuntimeBroker.exe","2504","792","C:\Windows\System32\RuntimeBroker.exe","29118464","2504","402","9","20181207220133.759295-480"
"DELLWIN10","LockApp.exe","9452","792","C:\Windows\SystemApps\Microsoft.LockApp_cw5n1h2txyewy\LockApp.exe","35835904","9452","487","11","20181207220232.247848-480"
"DELLWIN10","RuntimeBroker.exe","7188","792","C:\Windows\System32\RuntimeBroker.exe","26443776","7188","385","6","20181207220233.084089-480"
"DELLWIN10","chrome.exe","2344","10532","C:\Program Files (x86)\Google\Chrome\Application\chrome.exe","29061120","2344","268","13","20181208052705.685201-480"
"DELLWIN10","sedlauncher.exe","3548","1268","C:\Program Files\rempl\sedlauncher.exe","4440064","3548","355","5","20181208110000.696749-480"
"DELLWIN10","svchost.exe","4332","632","c:\windows\system32\svchost.exe","18432000","4332","470","14","20181208110324.092523-480"
"DELLWIN10","svchost.exe","5604","632","c:\windows\system32\svchost.exe","8757248","5604","183","5","20181208111916.088861-480"
"DELLWIN10","WinStore.App.exe","3804","792","C:\Program Files\WindowsApps\Microsoft.WindowsStore_11810.1001.12.0_x64__8wekyb3d8bbwe\WinStore.App.exe","39301120","3804","475","13","20181208112307.947653-480"
"DELLWIN10","RuntimeBroker.exe","11236","792","C:\Windows\System32\RuntimeBroker.exe","6094848","11236","111","1","20181208112308.440340-480"
"DELLWIN10","MicrosoftEdge.exe","12904","792","C:\Windows\SystemApps\Microsoft.MicrosoftEdge_8wekyb3d8bbwe\MicrosoftEdge.exe","48295936","12904","863","36","20181208112326.667993-480"
"DELLWIN10","browser_broker.exe","6744","792","C:\Windows\system32\browser_broker.exe","7725056","6744","160","2","20181208112326.771349-480"
"DELLWIN10","RuntimeBroker.exe","9928","792","C:\Windows\System32\RuntimeBroker.exe","5992448","9928","141","1","20181208112326.951897-480"
"DELLWIN10","MicrosoftEdgeCP.exe","13280","792","C:\Windows\SystemApps\Microsoft.MicrosoftEdge_8wekyb3d8bbwe\MicrosoftEdgeCP.exe","19521536","13280","402","14","20181208112327.069626-480"
"DELLWIN10","MicrosoftEdgeCP.exe","9820","792","C:\Windows\SystemApps\Microsoft.MicrosoftEdge_8wekyb3d8bbwe\MicrosoftEdgeCP.exe","21401600","9820","512","17","20181208112327.069626-480"
"DELLWIN10","SystemSettings.exe","8224","792","C:\Windows\ImmersiveControlPanel\SystemSettings.exe","45826048","8224","823","41","20181208112337.047846-480"
"DELLWIN10","SearchProtocolHost.exe","6472","8372","C:\Windows\system32\SearchProtocolHost.exe","10592256","6472","387","7","20181208120804.998022-480"
"DELLWIN10","dllhost.exe","4748","792","C:\Windows\system32\DllHost.exe","6459392","4748","113","4","20181208121605.245017-480"
"DELLWIN10","WmiPrvSE.exe","1068","792","C:\Windows\system32\wbem\wmiprvse.exe","16957440","1068","265","9","20181208124429.996483-480"
"DELLWIN10","WmiPrvSE.exe","7636","792","C:\Windows\system32\wbem\wmiprvse.exe","31309824","7636","314","9","20181208125133.248219-480"
"DELLWIN10","WmiPrvSE.exe","2944","792","C:\Windows\system32\wbem\wmiprvse.exe","11362304","2944","236","7","20181208125135.228946-480"
"DELLWIN10","SearchFilterHost.exe","5056","8372","C:\Windows\system32\SearchFilterHost.exe","11149312","5056","392","5","20181208125233.402187-480"
"DELLWIN10","chrome.exe","2160","10532","C:\Program Files (x86)\Google\Chrome\Application\chrome.exe","37355520","2160","267","14","20181208125352.540822-480"
"DELLWIN10","powershell.exe","9704","10700","C:\Windows\System32\WindowsPowerShell\v1.0\powershell.exe","69382144","9704","589","19","20181208125356.413306-480"
"DELLWIN10","conhost.exe","8324","9704","C:\Windows\system32\conhost.exe","7127040","8324","115","5","20181208125356.423955-480"
"DELLWIN10","powershell.exe","1248","10700","C:\Windows\System32\WindowsPowerShell\v1.0\powershell.exe","69357568","1248","586","18","20181208125356.563906-480"
"DELLWIN10","conhost.exe","9652","1248","C:\Windows\system32\conhost.exe","7098368","9652","115","4","20181208125356.575601-480"
"DELLWIN10","powershell.exe","6484","10700","C:\Windows\System32\WindowsPowerShell\v1.0\powershell.exe","69468160","6484","585","18","20181208125356.745241-480"
"DELLWIN10","conhost.exe","3872","6484","C:\Windows\system32\conhost.exe","7090176","3872","115","4","20181208125356.756905-480"
"DELLWIN10","powershell.exe","11552","10700","C:\Windows\System32\WindowsPowerShell\v1.0\powershell.exe","69758976","11552","585","18","20181208125356.993427-480"
"DELLWIN10","conhost.exe","10780","11552","C:\Windows\system32\conhost.exe","7090176","10780","115","4","20181208125357.007617-480"
"DELLWIN10","powershell.exe","9548","10700","C:\Windows\System32\WindowsPowerShell\v1.0\powershell.exe","69619712","9548","586","19","20181208125357.225518-480"
"DELLWIN10","conhost.exe","6392","9548","C:\Windows\system32\conhost.exe","7102464","6392","115","4","20181208125357.239013-480"
"DELLWIN10","powershell.exe","8612","10700","C:\Windows\System32\WindowsPowerShell\v1.0\powershell.exe","69468160","8612","585","18","20181208125357.493177-480"
"DELLWIN10","conhost.exe","3596","8612","C:\Windows\system32\conhost.exe","7086080","3596","115","4","20181208125357.516149-480"
"DELLWIN10","powershell.exe","2980","10700","C:\Windows\System32\WindowsPowerShell\v1.0\powershell.exe","69459968","2980","560","19","20181208125357.794310-480"
"DELLWIN10","conhost.exe","6664","2980","C:\Windows\system32\conhost.exe","7106560","6664","115","4","20181208125357.808889-480"
