PSComputerName,Name,HotFixID,Description,InstalledBy,InstalledOn
WIN81-01,KB2919355,KB2919355,Update,WIN81-01\Administrator,3/18/2014 0:00
WIN81-01,KB2919442,KB2919442,Update,WIN81-01\Administrator,3/18/2014 0:00
WIN81-01,KB2937220,KB2937220,Update,WIN81-01\Administrator,3/18/2014 0:00
WIN81-01,KB2938772,KB2938772,Update,WIN81-01\Administrator,3/18/2014 0:00
WIN81-01,KB2939471,KB2939471,Update,WIN81-01\Administrator,3/18/2014 0:00
WIN81-01,KB2949621,KB2949621,Hotfix,WIN81-01\Administrator,3/18/2014 0:00
WIN81-02,KB2919355,KB2919355,Update,WIN81-01\Administrator,3/18/2014 0:00
WIN81-02,KB2919442,KB2919442,Update,WIN81-01\Administrator,3/18/2014 0:00
WIN81-02,KB2919499,KB2919442,Update,WIN81-01\Administrator,3/18/2014 0:00
WIN81-03,KB2949600,KB2949621,Hotfix,WIN81-01\Administrator,3/18/2014 0:00
